title,rating
'Salem's Lot (2004),1
'Til There Was You (1997),1
"'burbs, The (1989)",2
(500) Days of Summer (2009),5
10 Cloverfield Lane (2016),1
10 Things I Hate About You (1999),8
101 Dalmatians (1996),3
101 Dalmatians (One Hundred and One Dalmatians) (1961),1
12 Angry Men (1957),18
12 Angry Men (1997),1
12 Chairs (1976),1
127 Hours (2010),1
13 Assassins (Jûsan-nin no shikaku) (2010),1
13 Going on 30 (2004),1
13 Hours (2016),1
1408 (2007),1
15 Minutes (2001),1
1984 (Nineteen Eighty-Four) (1984),2
20 Million Miles to Earth (1957),1
"20,000 Leagues Under the Sea (1954)",2
2001: A Space Odyssey (1968),34
21 (2008),1
21 Jump Street (2012),3
22 Jump Street (2014),1
25th Hour (2002),1
27 Dresses (2008),1
28 Days (2000),1
28 Days Later (2002),8
3 Idiots (2009),1
3-Iron (Bin-jip) (2004),1
300 (2007),11
3000 Miles to Graceland (2001),1
"39 Steps, The (1935)",2
3:10 to Yuma (2007),6
"40-Year-Old Virgin, The (2005)",6
"400 Blows, The (Les quatre cents coups) (1959)",2
42nd Street (1933),1
48 Hrs. (1982),1
"5,000 Fingers of Dr. T, The (1953)",1
50 First Dates (2004),4
50/50 (2011),1
52 Pick-Up (1986),1
61* (2001),1
7 Faces of Dr. Lao (1964),1
"7th Voyage of Sinbad, The (1958)",2
8 1/2 (8½) (1963),2
8 Mile (2002),2
84 Charing Cross Road (1987),1
9 (2009),1
9/11 (2002),1
A Detective Story (2003),1
A Flintstones Christmas Carol (1994),1
A Perfect Day (2015),1
A Plasticine Crow (1981),1
A Silent Voice (2016),1
A.I. Artificial Intelligence (2001),3
AVP: Alien vs. Predator (2004),1
Abbott and Costello Meet Frankenstein (1948),1
"Abominable Dr. Phibes, The (1971)",1
About Schmidt (2002),2
About Time (2013),2
About a Boy (2002),4
"Abyss, The (1989)",4
Ace Ventura: Pet Detective (1994),12
Ace Ventura: When Nature Calls (1995),3
Across the Universe (2007),3
"Act of Killing, The (2012)",1
Adam's Rib (1949),3
Adaptation (2002),9
Addams Family Values (1993),1
"Addams Family, The (1991)",3
Adventureland (2009),1
Adventures Of Sherlock Holmes And Dr. Watson: The Twentieth Century Approaches (1986),1
Adventures in Babysitting (1987),1
"Adventures of Baron Munchausen, The (1988)",2
"Adventures of Buckaroo Banzai Across the 8th Dimension, The (1984)",4
"Adventures of Milo and Otis, The (Koneko monogatari) (1986)",1
"Adventures of Pinocchio, The (1996)",1
"Adventures of Priscilla, Queen of the Desert, The (1994)",3
"Adventures of Robin Hood, The (1938)",3
Advise and Consent (1962),1
"Affair of Love, An (Liaison pornographique, Une) (1999)",1
"Affair to Remember, An (1957)",3
"African Queen, The (1951)",10
After Life (Wandafuru raifu) (1998),1
After the Sunset (2004),1
Afterglow (1997),2
"Age of Innocence, The (1993)",3
"Aguirre: The Wrath of God (Aguirre, der Zorn Gottes) (1972)",1
Air America (1990),1
Air Force One (1997),3
Airheads (1994),1
Airplane II: The Sequel (1982),3
Airplane! (1980),22
Airport '77 (1977),1
Akira (1988),11
Akira Kurosawa's Dreams (Dreams) (1990),1
Aladdin (1992),35
Aladdin and the King of Thieves (1996),1
Alesha Popovich and Tugarin the Dragon (2004),1
Alexander Nevsky (Aleksandr Nevskiy) (1938),1
Alice Doesn't Live Here Anymore (1974),1
Alice in Wonderland (1951),2
Alice in Wonderland (2010),1
Alien (1979),36
Alien Contamination (1980),1
Alien Nation (1988),2
Alien: Resurrection (1997),1
Aliens (1986),38
Alien³ (a.k.a. Alien 3) (1992),2
Alive (1993),1
All About Eve (1950),8
All About My Mother (Todo sobre mi madre) (1999),7
All Dogs Go to Heaven 2 (1996),1
All Good Things (2010),1
All Quiet on the Western Front (1930),4
All That Heaven Allows (1955),1
All That Jazz (1979),1
All Yours (2016),1
All the King's Men (1949),1
All the President's Men (1976),2
All the Real Girls (2003),1
All the Vermeers in New York (1990),1
All-Star Superman (2011),1
Almost Famous (2000),11
Along Came Polly (2004),2
"Alphaville (Alphaville, une étrange aventure de Lemmy Caution) (1965)",1
Altered States (1980),1
Alvin and the Chipmunks: The Squeakquel (2009),1
Always (1989),1
Amadeus (1984),25
"Amazing Spider-Man, The (2012)",2
"Amelie (Fabuleux destin d'Amélie Poulain, Le) (2001)",43
American Beauty (1999),65
American Flyers (1985),1
"American Friend, The (Amerikanische Freund, Der) (1977)",1
American Gangster (2007),7
American Graffiti (1973),5
American History X (1998),33
American Made (2017),1
American Pie (1999),12
American Pie 2 (2001),4
"American President, The (1995)",11
American Psycho (2000),12
American Sniper (2014),2
American Splendor (2003),3
"American Tail, An (1986)",3
"American Werewolf in London, An (1981)",1
"American in Paris, An (1951)",1
American: The Bill Hicks Story (2009),1
Amistad (1997),1
"Amityville Horror, The (1979)",2
Amores Perros (Love's a Bitch) (2000),6
Anaconda (1997),1
Analyze This (1999),1
Anchorman: The Legend of Ron Burgundy (2004),4
And Then There Were None (1945),1
And Your Mother Too (Y tu mamá también) (2001),5
"Andalusian Dog, An (Chien andalou, Un) (1929)",2
Android (1982),1
"Andromeda Strain, The (1971)",1
Angels and Insects (1995),4
Anger Management (2003),3
Animal House (1978),15
Animals are Beautiful People (1974),1
"Animatrix, The (2003)",1
Anna and the King (1999),2
Anne Frank Remembered (1995),2
Anne of Green Gables (1985),1
Anne of Green Gables: The Sequel (a.k.a. Anne of Avonlea) (1987),1
Annie (1982),1
Annie Hall (1977),19
"Anniversary Party, The (2001)",1
Ant-Man (2015),4
Antichrist (2009),1
Antitrust (2001),1
Antonia's Line (Antonia) (1995),4
Antwone Fisher (2002),1
Antz (1998),2
"Apartment, The (1960)",6
Apocalypse Now (1979),45
Apocalypto (2006),1
Apollo 13 (1995),45
Arachnophobia (1990),1
Argo (2012),4
"Aristocats, The (1970)",3
"Aristocrats, The (2005)",2
Arizona Dream (1993),2
Arlington Road (1999),1
Armageddon (1998),8
Armour of God II: Operation Condor (Operation Condor) (Fei ying gai wak) (1991),1
Army of Darkness (1993),15
Arrival (2016),6
"Arrival, The (1996)",1
Arsenic and Old Lace (1944),4
Arthur (1981),1
As Good as It Gets (1997),13
"Assassination of Jesse James by the Coward Robert Ford, The (2007)",4
Assassins (1995),2
"Assignment, The (1997)",1
Asterix and Cleopatra (Astérix et Cléopâtre) (1968),1
Asterix and the Vikings (Astérix et les Vikings) (2006),1
Atlantic City (1980),1
Atlantis: The Lost Empire (2001),1
"Atomic Cafe, The (1982)",1
Atonement (2007),1
Austin Powers in Goldmember (2002),2
Austin Powers: International Man of Mystery (1997),11
Austin Powers: The Spy Who Shagged Me (1999),14
Autumn Sonata (Höstsonaten) (1978),2
Autumn in New York (2000),1
Avatar (2009),15
"Avengers, The (2012)",13
Avengers: Age of Ultron (2015),4
Avengers: Infinity War - Part I (2018),4
"Aviator, The (2004)",1
"Awful Truth, The (1937)",1
"Awfully Big Adventure, An (1995)",1
BURN-E (2008),1
Babe (1995),27
Babe: Pig in the City (1998),1
Babes in Toyland (1934),1
Babette's Feast (Babettes gæstebud) (1987),2
Baby Driver (2017),2
"Babysitter, The (1995)",1
Bachelor Party (1984),1
Back to the Future (1985),49
Back to the Future Part II (1989),10
Back to the Future Part III (1990),6
Backdraft (1991),2
Bad Boy Bubby (1993),2
Bad Boys (1995),2
Bad Boys II (2003),1
Bad Lieutenant (1992),1
"Bad News Bears, The (1976)",1
Bad Santa (2003),1
Bad Teacher (2011),1
Badlands (1973),2
"Ballad of Narayama, The (Narayama bushiko) (1983)",1
Bambi (1942),4
Bananas (1971),2
"Band Wagon, The (1953)",1
Band of Brothers (2001),4
"Bank Job, The (2008)",2
Baraka (1992),1
Barb Wire (1996),3
Barbarella (1968),1
Barcelona (1994),4
Barfly (1987),1
Barry Lyndon (1975),1
Barton Fink (1991),1
Basic Instinct (1992),1
"Basketball Diaries, The (1995)",1
Batman (1989),17
Batman Begins (2005),16
Batman Beyond: Return of the Joker (2000),1
Batman Forever (1995),7
Batman Returns (1992),1
Batman: Mask of the Phantasm (1993),4
"Batman: The Dark Knight Returns, Part 1 (2012)",1
"Batman: The Dark Knight Returns, Part 2 (2013)",1
Batman: Under the Red Hood (2010),1
Batman: Year One (2011),1
Battle For Sevastopol (2015),1
Battle Royale (Batoru rowaiaru) (2000),7
Battle Royale 2: Requiem (Batoru rowaiaru II: Chinkonka) (2003),1
Battle for the Planet of the Apes (1973),1
"Battle of Algiers, The (La battaglia di Algeri) (1966)",1
Battleship Potemkin (1925),1
Battlestar Galactica (2003),4
Battlestar Galactica: Razor (2007),1
Bean (1997),1
"Beastmaster, The (1982)",1
Beautiful Girls (1996),1
"Beautiful Mind, A (2001)",21
Beautiful People (1999),1
Beautiful Thing (1996),2
Beauty and the Beast (1991),31
Beauty of the Day (Belle de jour) (1967),1
Beavis and Butt-Head Do America (1996),3
Bed of Roses (1996),2
Bedknobs and Broomsticks (1971),5
Beetlejuice (1988),4
Before Midnight (2013),1
Before Night Falls (2000),2
Before Sunrise (1995),7
Before Sunset (2004),1
Being John Malkovich (1999),23
Being There (1979),6
"Believer, The (2001)",1
Belle époque (1992),2
Beloved (1998),1
Ben-Hur (1959),8
Bend It Like Beckham (2002),3
Beneath the Planet of the Apes (1970),2
Benji (1974),2
Benji the Hunted (1987),1
Benny & Joon (1993),2
Bent (1997),1
Berlin Calling (2008),1
"Best Years of Our Lives, The (1946)",3
Best in Show (2000),6
"Best of Youth, The (La meglio gioventù) (2003)",1
Better Off Dead... (1985),5
"Better Tomorrow II, A (Ying hung boon sik II) (1987)",1
"Beverly Hillbillies, The (1993)",2
Beverly Hills Cop (1984),2
Beverly Hills Cop III (1994),2
Bicentennial Man (1999),1
Bicycle Thieves (a.k.a. The Bicycle Thief) (a.k.a. The Bicycle Thieves) (Ladri di biciclette) (1948),5
Big (1988),12
"Big Boss, The (Fists of Fury) (Tang shan da xiong) (1971)",1
"Big Chill, The (1983)",5
Big Daddy (1999),2
Big Fish (2003),9
Big Hero 6 (2014),8
"Big Hit, The (1998)",1
"Big Lebowski, The (1998)",32
Big Night (1996),4
"Big Short, The (2015)",6
"Big Sleep, The (1946)",6
Big Top Scooby-Doo! (2012),1
Big Trouble in Little China (1986),6
Bill & Ted's Bogus Journey (1991),1
Bill & Ted's Excellent Adventure (1989),7
"Bill Cosby, Himself (1983)",1
Bill Hicks: Revelations (1993),1
Billy Elliot (2000),3
Billy Madison (1995),7
Bio-Dome (1996),1
"Birdcage, The (1996)",7
Birdman: Or (The Unexpected Virtue of Ignorance) (2014),3
"Birds, The (1963)",3
Birdy (1984),1
Bitter Lake (2015),1
Bitter Moon (1992),1
"Bittersweet Life, A (Dalkomhan insaeng) (2005)",1
"Black Cat, White Cat (Crna macka, beli macor) (1998)",3
"Black Cauldron, The (1985)",1
Black Dynamite (2009),1
Black Hawk Down (2001),6
Black Mirror,1
Black Mirror: White Christmas (2014),3
Black Panther (2017),2
Black Sheep (1996),2
Black Swan (2010),5
Black Tar Heroin: The Dark End of the Street (2000),1
Blackbeard's Ghost (1968),1
Blade (1998),4
Blade II (2002),2
Blade Runner (1982),46
Blade Runner 2049 (2017),3
"Blair Witch Project, The (1999)",6
Blame It on Rio (1984),1
Blazing Saddles (1974),12
Blended (2014),1
"Blind Side, The  (2009)",4
"Blind Swordsman: Zatoichi, The (Zatôichi) (2003)",1
"Blob, The (1958)",1
Blood Diamond (2006),3
Blood Simple (1984),6
Bloodsport 2 (a.k.a. Bloodsport II: The Next Kumite) (1996),1
Bloodsucking Bastards (2015),1
Blow (2001),7
Blow-Out (La grande bouffe) (1973),1
Blue Planet II (2017),1
Blue Velvet (1986),10
"Blues Brothers, The (1980)",17
Bob Roberts (1992),1
Bobik Visiting Barbos (1977),1
Body Heat (1981),2
"Bodyguard, The (1992)",1
Bolt (2008),1
Bonnie and Clyde (1967),9
Boogie Nights (1997),10
"Boondock Saints II: All Saints Day, The (2009)",1
"Boondock Saints, The (2000)",6
"Boot, Das (Boat, The) (1981)",12
Booty Call (1997),1
Borat: Cultural Learnings of America for Make Benefit Glorious Nation of Kazakhstan (2006),5
Born Yesterday (1950),2
Bossa Nova (2000),1
Bottle Rocket (1996),5
Bound (1996),6
"Bourne Identity, The (2002)",13
"Bourne Legacy, The (2012)",1
"Bourne Supremacy, The (2004)",12
"Bourne Ultimatum, The (2007)",10
Bowfinger (1999),2
Bowling for Columbine (2002),4
Boy Eats Girl (2005),1
Boyhood (2014),3
Boys Don't Cry (1999),4
"Boys from Brazil, The (1978)",1
Boys on the Side (1995),2
Boyz N the Hood (1991),2
Branded to Kill (Koroshi no rakuin) (1967),1
Brave (2012),2
"Brave Little Toaster, The (1987)",1
Braveheart (1995),80
Brazil (1985),23
Breakdown (1997),1
Breaker Morant (1980),1
"Breakfast Club, The (1985)",22
Breakfast at Tiffany's (1961),8
Breaking Away (1979),2
Breaking the Waves (1996),2
Breathless (À bout de souffle) (1960),2
"Breed, The (2006)",1
Brick (2005),2
Bridesmaids (2011),4
"Bridge on the River Kwai, The (1957)",20
"Bridges of Madison County, The (1995)",1
Bridget Jones's Diary (2001),8
Bridget Jones: The Edge of Reason (2004),1
Brigadoon (1954),1
"Bright Lights, Big City (1988)",1
Bringing Up Baby (1938),5
Broadcast News (1987),3
Broadway Danny Rose (1984),1
Brokeback Mountain (2005),2
Brokedown Palace (1999),1
Broken Arrow (1996),6
"Bronx Tale, A (1993)",3
Brooklyn (2015),1
Brother (2000),1
Brother (Brat) (1997),1
"Brotherhood of the Wolf (Pacte des loups, Le) (2001)",3
"Brothers Bloom, The (2008)",1
Bruce Almighty (2003),3
Buena Vista Social Club (1999),1
Buffalo '66 (a.k.a. Buffalo 66) (1998),3
"Bug's Life, A (1998)",10
Bull Durham (1988),7
Bullet in the Head (1990),1
Bulletproof (1996),1
Bullets Over Broadway (1994),7
Bullitt (1968),1
Bully (2001),1
Bulworth (1998),3
Burn After Reading (2008),4
Burnt by the Sun (Utomlyonnye solntsem) (1994),3
Butch Cassidy and the Sundance Kid (1969),17
"Butcher Boy, The (1997)",1
Butterfly (La lengua de las mariposas) (1999),1
Buzzard (2015),1
"Cabin in the Woods, The (2012)",7
"Cabinet of Dr. Caligari, The (Cabinet des Dr. Caligari., Das) (1920)",2
"Cable Guy, The (1996)",5
Caddyshack (1980),13
"Calcium Kid, The (2004)",1
Calendar Girl (1993),1
Calendar Girls (2003),1
Can't Hardly Wait (1998),1
Canadian Bacon (1995),1
"Cannonball Run, The (1981)",1
Cape Fear (1962),2
Cape Fear (1991),3
Captain America: Civil War (2016),3
Captain America: The First Avenger (2011),1
Captain America: The Winter Soldier (2014),7
Captain Phillips (2013),4
Capturing the Friedmans (2003),2
Career Girls (1997),1
Carlito's Way (1993),5
Carnage (2011),1
Carnival of Souls (1962),1
Carrie (1976),1
Cars (2006),2
Casablanca (1942),41
Cashback (2006),1
Casino (1995),14
Casino Jack (2010),1
Casino Royale (2006),15
Casper (1995),3
Cast Away (2000),11
"Cat Returns, The (Neko no ongaeshi) (2002)",1
Cat on a Hot Tin Roof (1958),3
Catch Me If You Can (2002),18
Catch-22 (1970),1
Cecil B. DeMented (2000),1
"Celebration, The (Festen) (1998)",4
"Cell, The (2000)",3
"Celluloid Closet, The (1995)",1
"Cement Garden, The (1993)",1
Center Stage (2000),2
"Center of the World, The (2001)",1
Central Intelligence (2016),1
Central Station (Central do Brasil) (1998),2
Chappie (2015),1
Charade (1963),1
Chariots of Fire (1981),3
"Charlie Brown Christmas, A (1965)",1
Charlie's Angels (2000),1
Charlotte's Web (1973),3
Chasing Amy (1997),8
Chasing Liberty (2004),3
Che: Part One (2008),1
Che: Part Two (2008),1
Cheburashka (1971),1
Cheech and Chong's Up in Smoke (1978),3
Cherish (2002),1
Chicago (2002),8
Chicken Run (2000),8
Children of Men (2006),12
Children of a Lesser God (1986),2
Children of the Corn IV: The Gathering (1996),2
Chinatown (1974),19
Chinese Puzzle (Casse-tête chinois) (2013),1
Chitty Chitty Bang Bang (1968),2
Chocolat (1988),1
Chocolat (2000),6
"Chorus Line, A (1985)",2
"Chorus, The (Choristes, Les) (2004)",2
"Christmas Story, A (1983)",18
Christmas Vacation (National Lampoon's Christmas Vacation) (1989),6
Chronicle (2012),1
"Chronicles of Narnia: The Lion, the Witch and the Wardrobe, The (2005)",4
"Chronicles of Riddick, The (2004)",1
"Chump at Oxford, A (1940)",1
Chungking Express (Chung Hing sam lam) (1994),2
"Cider House Rules, The (1999)",2
Cinderella (1950),3
"Cinderella Story, A (2004)",1
Cinema Paradiso (Nuovo cinema Paradiso) (1989),14
Cinemania (2002),1
Circle of Friends (1995),4
Citizen Kane (1941),22
Citizen Ruth (1996),1
City Lights (1931),3
City Slickers (1991),4
City Slickers II: The Legend of Curly's Gold (1994),2
City of Angels (1998),2
City of God (Cidade de Deus) (2002),21
"City of Lost Children, The (Cité des enfants perdus, La) (1995)",8
Clash of the Titans (1981),2
Class (1983),1
"Class, The (Klass) (2007)",1
Clear and Present Danger (1994),13
Clerks (1994),23
Clerks II (2006),1
Click (2006),1
"Client, The (1994)",5
Cliffhanger (1993),6
Clockwatchers (1997),1
"Clockwork Orange, A (1971)",36
Close Encounters of the Third Kind (1977),11
"Closet, The (Placard, Le) (2001)",1
Cloud Atlas (2012),1
Cloudy with a Chance of Meatballs (2009),1
Cloverfield (2008),1
Clueless (1995),10
Cocaine Cowboys (2006),1
Coco (2017),4
Cold Comfort Farm (1995),1
Collateral (2004),4
"Colonel Chabert, Le (1994)",1
"Color Purple, The (1985)",2
Colourful (Karafuru) (2010),1
Come and See (Idi i smotri) (1985),2
Coming to America (1988),1
Commando (1985),1
"Commitments, The (1991)",3
Con Air (1997),1
Conan the Barbarian (1982),5
Coneheads (1993),1
Confessions of a Shopaholic (2009),1
"Conformist, The (Conformista, Il) (1970)",2
Congo (1995),3
"Conjuring, The (2013)",1
Connections (1978),1
Conquest of the Planet of the Apes (1972),1
Conspiracy Theory (1997),1
"Constant Gardener, The (2005)",1
Constantine (2005),3
Contact (1997),17
Continental Divide (1981),1
Control (2007),1
Control Room (2004),1
"Conversation, The (1974)",5
Conversations with Other Women (2005),1
Cookie's Fortune (1999),3
Cool Hand Luke (1967),18
Cool Runnings (1993),2
Cop Land (1997),2
Cop Out (2010),1
Copycat (1995),3
Coraline (2009),1
"Corporation, The (2003)",1
Corpse Bride (2005),2
"Corrina, Corrina (1994)",1
Cosmic Scrat-tastrophe (2015),1
Cosmos,1
"Cottage, The (2008)",1
Courage Under Fire (1996),3
"Cove, The (2009)",1
Cowboy Bebop: The Movie (Cowboy Bebop: Tengoku no Tobira) (2001),1
Coyote Ugly (2000),1
"Craft, The (1996)",3
Craig Ferguson: I'm Here To Help (2013),1
Crank (2006),3
Crash (1996),2
Crash (2004),6
"Crazies, The (2010)",1
Crazy Heart (2009),1
"Crazy, Stupid, Love. (2011)",4
Crazy/Beautiful (2001),1
Creature Comforts (1989),4
Creed (2015),1
Crimes and Misdemeanors (1989),2
Crimson Tide (1995),14
Crippled Avengers (Can que) (Return of the 5 Deadly Venoms) (1981),1
Crocodile Dundee (1986),3
Crocodile Dundee II (1988),1
"Croods, The (2013)",1
Crossing Delancey (1988),1
"Crouching Tiger, Hidden Dragon (Wo hu cang long) (2000)",21
Croupier (1998),1
"Crow, The (1994)",13
"Crow: City of Angels, The (1996)",1
"Crucible, The (1996)",1
Cruel Intentions (1999),2
"Cruel Romance, A (Zhestokij Romans) (1984)",1
"Cruise, The (1998)",1
Crumb (1994),5
"Cry, the Beloved Country (1995)",1
Cry-Baby (1990),1
"Crying Game, The (1992)",4
Cube (1997),2
"Cup, The (Phörpa) (1999)",1
"Curious Case of Benjamin Button, The (2008)",2
Cutthroat Island (1995),1
Cyrano de Bergerac (1990),3
Dallas Buyers Club (2013),4
Dan in Real Life (2007),1
Dancer in the Dark (2000),6
Dances with Wolves (1990),35
Dangerous Beauty (1998),1
Dangerous Liaisons (1988),6
Dangerous Minds (1995),2
Dante's Peak (1997),1
Dark City (1998),7
"Dark Crystal, The (1982)",3
"Dark Knight Rises, The (2012)",17
"Dark Knight, The (2008)",49
Dave (1993),3
Dawn of the Dead (1978),6
Dawn of the Dead (2004),2
Dawn of the Planet of the Apes (2014),1
Day & Night (2010),1
"Day at the Races, A (1937)",1
Day of the Dead (1985),1
"Day of the Doctor, The (2013)",3
"Day the Earth Stood Still, The (1951)",5
Daylight (1996),1
Days of Thunder (1990),1
Dazed and Confused (1993),10
De platte jungle (1978),1
Dead Again (1991),3
Dead Alive (Braindead) (1992),4
Dead Man (1995),3
Dead Man Walking (1995),13
Dead Man's Shoes (2004),1
Dead Men Don't Wear Plaid (1982),2
Dead Poets Society (1989),20
Dead Ringers (1988),1
Dead Snow (Død snø) (2009),1
"Dead Zone, The (1983)",3
Dead or Alive: Hanzaisha (1999),1
Deadpool (2016),15
Deadpool 2 (2018),4
Dear Zachary: A Letter to a Son About His Father (2008),1
Death Becomes Her (1992),1
Death Note: Desu nôto (2006–2007),1
Death Proof (2007),1
Death Race 2000 (1975),1
Death and the Maiden (1994),1
Deathgasm (2015),1
Deathtrap (1982),1
"Decalogue, The (Dekalog) (1989)",1
Deconstructing Harry (1997),2
"Deer Hunter, The (1978)",10
Defending Your Life (1991),3
"Definitely, Maybe (2008)",1
Delicatessen (1991),4
Delirium (2014),1
Deliver Us from Evil (2006),1
Deliverance (1972),4
Demolition Man (1993),5
Denise Calls Up (1995),1
"Departed, The (2006)",26
Departures (Okuribito) (2008),2
Dersu Uzala (1975),2
"Descendants, The (2011)",1
"Descent, The (2005)",1
Desperado (1995),11
Despicable Me (2010),5
Despicable Me 2 (2013),2
Detroit Rock City (1999),1
"Devil Wears Prada, The (2006)",1
Devil in a Blue Dress (1995),1
"Devil's Own, The (1997)",1
Diabolique (1996),1
Diabolique (Les diaboliques) (1955),1
Dial M for Murder (1954),4
Diamonds Are Forever (1971),1
Dick (1999),1
Dick Tracy (1990),1
"Dictator, The (2012)",1
Die Another Day (2002),1
Die Hard (1988),29
Die Hard 2 (1990),4
Die Hard: With a Vengeance (1995),23
Diner (1982),3
"Dinner Game, The (Dîner de cons, Le) (1998)",1
Dinner for Schmucks (2010),1
Dinosaur (2000),1
Dirty Dancing (1987),1
"Dirty Dozen, The (1967)",5
Dirty Harry (1971),2
Dirty Rotten Scoundrels (1988),3
Dirty Work (1998),1
Disclosure (1994),6
"Discreet Charm of the Bourgeoisie, The (Charme discret de la bourgeoisie, Le) (1972)",2
"Dish, The (2001)",1
District 9 (2009),9
Divergent (2014),1
"Diving Bell and the Butterfly, The (Scaphandre et le papillon, Le) (2007)",1
Divorce - Italian Style (Divorzio all'italiana) (1961),1
Django Unchained (2012),13
Do the Right Thing (1989),5
Doctor Dolittle (1967),3
Doctor Strange (2016),3
Doctor Who: A Christmas Carol (2010),1
"Doctor Who: The Doctor, the Widow and the Wardrobe (2011)",1
Doctor Who: The Time of the Doctor (2013),1
Doctor Who: Voyage Of The Damned (2007),1
Doctor Zhivago (1965),7
Dodgeball: A True Underdog Story (2004),1
Dog Day Afternoon (1975),6
Dog Soldiers (2002),2
Dogma (1999),11
Dogville (2003),4
"Dolce Vita, La (1960)",1
Dolls (2002),1
Dolores Claiborne (1995),2
Don Juan DeMarco (1995),4
Donnie Brasco (1997),4
Donnie Darko (2001),25
"Doors, The (1991)",4
Double Indemnity (1944),7
Double Jeopardy (1999),1
"Double Life of Veronique, The (Double Vie de Véronique, La) (1991)",1
Double Team (1997),1
Doubt (2008),1
Down Argentine Way (1940),1
Down Periscope (1996),1
Down by Law (1986),3
"Downfall (Untergang, Der) (2004)",3
Dr. Goldfoot and the Bikini Machine (1965),1
Dr. Horrible's Sing-Along Blog (2008),5
Dr. No (1962),3
Dr. Seuss' The Lorax (2012),1
Dr. Strangelove or: How I Learned to Stop Worrying and Love the Bomb (1964),36
Dracula (Bram Stoker's Dracula) (1992),3
Dracula: Dead and Loving It (1995),1
Dragonheart (1996),2
Dragons: Gift of the Night Fury (2011),1
Dragonslayer (1981),1
"Draughtsman's Contract, The (1982)",1
"Dream of Light (a.k.a. Quince Tree Sun, The) (Sol del membrillo, El) (1992)",1
"Dreamers, The (2003)",1
"Dreamlife of Angels, The (Vie rêvée des anges, La) (1998)",1
Dredd (2012),3
Drillbit Taylor (2008),1
Drive (2011),5
Driving Miss Daisy (1989),2
Drop Zone (1994),1
Drugstore Cowboy (1989),4
Drunken Master (Jui kuen) (1978),4
"Duchess, The (2008)",1
Duck Soup (1933),6
"Dude, Where's My Car? (2000)",3
Duel in the Sun (1946),1
Dumb & Dumber (Dumb and Dumber) (1994),14
Dumb and Dumberer: When Harry Met Lloyd (2003),1
Dumbo (1941),3
Dune (1984),2
Dune (2000),2
Dunkirk (2017),2
Duplex (2003),1
Dying Young (1991),1
Dylan Moran: Monster (2004),1
E.T. the Extra-Terrestrial (1982),28
East is East (1999),1
Eastern Promises (2007),3
Easy A (2010),2
Easy Money (1983),1
Easy Rider (1969),1
Eat Drink Man Woman (Yin shi nan nu) (1994),5
Ed (1996),1
Ed Wood (1994),9
Eddie Izzard: Dress to Kill (1999),1
Eddie Murphy Delirious (1983),2
Eddie Murphy Raw (1987),2
Edge of Tomorrow (2014),6
"Education, An (2009)",1
Edward Scissorhands (1990),4
Eichmann (2007),1
Election (1999),11
"Elephant Man, The (1980)",2
Elf (2003),5
Elite Squad (Tropa de Elite) (2007),3
Elite Squad: The Enemy Within (Tropa de Elite 2 - O Inimigo Agora É Outro) (2010),2
Elizabeth (1998),3
Elling (2001),1
Emma (1996),9
"Emperor's New Groove, The (2000)",3
Empire Records (1995),3
Empire of the Sun (1987),2
Empties (2007),1
Enchanted April (1992),1
Encounters at the End of the World (2008),1
End of Watch (2012),1
"Endless Summer, The (1966)",1
Enemy at the Gates (2001),3
Enemy of the State (1998),6
"English Patient, The (1996)",9
English Vinglish (2012),1
"Englishman Who Went Up a Hill But Came Down a Mountain, The (1995)",1
Enough (2002),1
Enron: The Smartest Guys in the Room (2005),1
Enter the Dragon (1973),1
Enter the Void (2009),2
Entertaining Angels: The Dorothy Day Story (1996),1
Entrapment (1999),2
Equilibrium (2002),6
Eraser (1996),5
Eraserhead (1977),2
Erin Brockovich (2000),5
Escape from L.A. (1996),1
Escape from New York (1981),5
Escape from the Planet of the Apes (1971),1
Eternal Sunshine of the Spotless Mind (2004),33
Europa Europa (Hitlerjunge Salomon) (1990),1
Eva (2011),1
Event Horizon (1997),1
Ever After: A Cinderella Story (1998),2
Everest (1998),2
Everybody Wants Some (2016),1
Everyone Says I Love You (1996),2
Everything You Always Wanted to Know About Sex * But Were Afraid to Ask (1972),1
Evil Dead II (Dead by Dawn) (1987),8
"Evil Dead, The (1981)",4
Evita (1996),1
Ex Drummer (2007),1
Ex Machina (2015),5
Excalibur (1981),6
Executive Decision (1996),5
Exit Through the Gift Shop (2010),2
"Exorcist III, The (1990)",1
"Exorcist, The (1973)",12
"Expendables 2, The (2012)",1
Eye for an Eye (1996),1
Eyes Wide Shut (1999),9
FLCL (2000),4
"Face in the Crowd, A (1957)",1
Face/Off (1997),9
"Fall, The (2006)",3
Fallen (1998),2
Falling Down (1993),2
Fame (1980),1
Family Guy Presents: It's a Trap (2010),1
"Family Man, The (2000)",2
"Family, The (2013)",1
"Fan, The (1996)",1
Fandango (1985),1
Fanny and Alexander (Fanny och Alexander) (1982),1
Fantasia (1940),12
Fantasia 2000 (1999),2
"Fantastic Fear of Everything, A (2012)",1
Fantastic Mr. Fox (2009),4
"Fantastic Planet, The (Planète sauvage, La) (1973)",1
Far From Home: The Adventures of Yellow Dog (1995),1
Far from Heaven (2002),1
Farewell My Concubine (Ba wang bie ji) (1993),3
Fargo (1996),57
Fast Food Nation (2006),1
"Fast Runner, The (Atanarjuat) (2001)",1
Fast Times at Ridgemont High (1982),1
"Fast and the Furious, The (2001)",3
Faster (2010),1
Faster Pussycat! Kill! Kill! (1965),1
Fatal Attraction (1987),3
Father of the Bride (1950),1
Father of the Bride (1991),1
Father of the Bride Part II (1995),3
Fear (1996),2
Fear and Loathing in Las Vegas (1998),12
"Femme Nikita, La (Nikita) (1990)",8
Ferris Bueller's Day Off (1986),18
"Few Good Men, A (1992)",6
Fiddler on the Roof (1971),1
Field of Dreams (1989),9
"Fifth Element, The (1997)",16
Fight Club (1999),81
"Fighter, The (2010)",1
Filth (2013),1
Final Fantasy VII: Advent Children (2004),1
Final Fantasy: The Spirits Within (2001),2
Finding Dory (2016),1
Finding Forrester (2000),3
Finding Nemo (2003),22
Finding Neverland (2004),1
Fired Up (2009),2
Firewalker (1986),1
Fireworks (Hana-bi) (1997),2
"Firm, The (1993)",11
First Blood (Rambo: First Blood) (1982),3
First Daughter (2004),2
First Knight (1995),8
First Strike (Police Story 4: First Strike) (Ging chaat goo si 4: Ji gaan daan yam mo) (1996),2
"First Wives Club, The (1996)",1
"Fish Called Wanda, A (1988)",19
"Fisher King, The (1991)",8
"Fist of Fury (Chinese Connection, The) (Jing wu men) (1972)",1
Fist of Legend (Jing wu ying xiong) (1994),1
"Fistful of Dollars, A (Per un pugno di dollari) (1964)",5
Five Easy Pieces (1970),4
"Five Senses, The (1999)",1
"Flamingo Kid, The (1984)",1
Flash Gordon (1980),2
Flashdance (1983),1
Flawless (1999),1
Fletch (1985),2
Fletch Lives (1989),1
Flickering Lights (Blinkende lygter) (2000),1
Flight (2012),1
"Flintstones, The (1994)",1
Flipper (1996),1
Flirting (1991),1
Flirting With Disaster (1996),3
Flubber (1997),1
Flushed Away (2006),1
Fly Away Home (1996),1
"Fly, The (1986)",4
Focus (2015),1
"Fog of War: Eleven Lessons from the Life of Robert S. McNamara, The (2003)",2
Footloose (1984),1
For Roseanna (Roseanna's Grave) (1997),1
For Your Eyes Only (1981),1
For a Few Dollars More (Per qualche dollaro in più) (1965),8
Forbidden Planet (1956),1
Forget Paris (1995),2
Forgetting Sarah Marshall (2008),5
Formula of Love (1984),1
Forrest Gump (1994),116
"Four Days in September (O Que É Isso, Companheiro?) (1997)",1
Four Lions (2010),1
Four Rooms (1995),4
"Four Seasons, The (1981)",1
Four Weddings and a Funeral (1994),14
Frailty (2001),1
Frankenstein (1931),3
Freedom Writers (2007),1
Freeway (1996),1
"French Connection, The (1971)",6
French Kiss (1995),6
French Twist (Gazon maudit) (1995),1
Frequency (2000),3
Fresh (1994),1
Friday (1995),4
Friday the 13th (1980),2
Friday the 13th Part VI: Jason Lives (1986),1
Fried Green Tomatoes (1991),1
Friends with Benefits (2011),1
Fright Night (1985),2
"Frighteners, The (1996)",1
From Dusk Till Dawn (1996),6
From Hell (2001),3
From Here to Eternity (1953),1
From Russia with Love (1963),6
Front of the Class (2008),1
Frozen (2013),4
"Fugitive, The (1993)",46
Fugitives (1986),1
Full Metal Jacket (1987),28
"Full Monty, The (1997)",7
Funny Face (1957),1
Funny Games U.S. (2007),1
Funny Girl (1968),1
"Funny Thing Happened on the Way to the Forum, A (1966)",1
Futurama: Bender's Big Score (2007),1
Galaxy Quest (1999),12
Galaxy of Terror (Quest) (1981),1
Gallipoli (1981),2
Game of Death (1978),1
"Game, The (1997)",10
Gandhi (1982),4
Gangs of New York (2002),4
Garden State (2004),4
"Garden of Words, The (Koto no ha no niwa) (2013)",1
Garfield's Pet Force (2009),1
Garfield: The Movie (2004),1
Gaslight (1944),3
Gattaca (1997),19
Gena the Crocodile (1969),1
"General, The (1926)",4
Gentlemen Prefer Blondes (1953),1
Gentlemen of Fortune (Dzhentlmeny udachi) (1972),1
George Carlin: Back in Town (1996),1
George Carlin: It's Bad for Ya! (2008),1
George Carlin: Jammin' in New York (1992),1
George Carlin: Life Is Worth Losing (2005),1
George Carlin: You Are All Diseased (1999),1
Geri's Game (1997),1
Get Hard (2015),1
Get Him to the Greek (2010),1
Get Low (2009),1
Get Out (2017),2
Get Shorty (1995),9
Get Smart (2008),1
Gettysburg (1993),1
Ghost (1990),16
Ghost Dog: The Way of the Samurai (1999),6
Ghost Graduation (2012),1
Ghost World (2001),2
"Ghost and Mrs. Muir, The (1947)",1
"Ghost and the Darkness, The (1996)",4
Ghost in the Shell (Kôkaku kidôtai) (1995),7
Ghostbusters (a.k.a. Ghost Busters) (1984),21
Ghostbusters II (1989),1
Giant (1956),1
Gigantic (A Tale of Two Johns) (2002),1
Gigi (1958),1
Ginger Snaps (2000),1
"Girl Next Door, The (2004)",1
"Girl Who Kicked the Hornet's Nest, The (Luftslottet som sprängdes) (2009)",1
"Girl Who Leapt Through Time, The (Toki o kakeru shôjo) (2006)",2
"Girl Who Played with Fire, The (Flickan som lekte med elden) (2009)",1
"Girl on the Bridge, The (Fille sur le pont, La) (1999)",1
"Girl with the Dragon Tattoo, The (2011)",9
"Girl with the Dragon Tattoo, The (Män som hatar kvinnor) (2009)",4
"Girl, Interrupted (1999)",1
Girls About Town (1931),1
Gladiator (1992),2
Gladiator (2000),43
Glengarry Glen Ross (1992),3
Glory (1989),12
Glory Road (2006),1
Go (1999),10
Go for Zucker! (Alles auf Zucker!) (2004),1
Goal! The Dream Begins (Goal!) (2005),1
"Godfather, The (1972)",88
"Godfather: Part II, The (1974)",48
"Godfather: Part III, The (1990)",6
"Gods Must Be Crazy II, The (1989)",2
"Gods Must Be Crazy, The (1980)",9
Gods and Monsters (1998),1
"Going Places (Valseuses, Les) (1974)",1
"Golden Compass, The (2007)",1
GoldenEye (1995),10
Goldfinger (1964),6
Gomorrah (Gomorra) (2008),1
Gone Baby Gone (2007),1
Gone Girl (2014),5
Gone in 60 Seconds (2000),2
Gone with the Wind (1939),10
"Good Morning, Vietnam (1987)",8
Good Will Hunting (1997),34
"Good bye, Lenin! (2003)",4
"Good, the Bad and the Ugly, The (Buono, il brutto, il cattivo, Il) (1966)",24
Goodbye Charlie (1964),1
"Goodbye Girl, The (1977)",2
Goodfellas (1990),40
"Goonies, The (1985)",6
Gosford Park (2001),4
Gothika (2003),1
Gozu (Gokudô kyôfu dai-gekijô: Gozu) (2003),1
"Graduate, The (1967)",24
Gran Torino (2008),4
"Grand Budapest Hotel, The (2014)",8
"Grand Day Out with Wallace and Gromit, A (1989)",9
Grand Illusion (La grande illusion) (1937),2
"Grapes of Wrath, The (1940)",1
Grave of the Fireflies (Hotaru no haka) (1988),5
Gravity (2013),5
Grease (1978),4
"Great Beauty, The (Grande Bellezza, La) (2013)",1
"Great Dictator, The (1940)",2
"Great Escape, The (1963)",12
Great Expectations (1998),1
"Great Gatsby, The (2013)",2
"Great Mouse Detective, The (1986)",1
"Great Muppet Caper, The (1981)",1
"Great Outdoors, The (1988)",1
"Green Mile, The (1999)",28
Green Street Hooligans (a.k.a. Hooligans) (2005),1
Gremlins (1984),2
"Grifters, The (1990)",4
Grindhouse (2007),4
Grosse Pointe Blank (1997),10
Groundhog Day (1993),32
Grown Ups (2010),1
Grumpier Old Men (1995),6
Grumpy Old Men (1993),3
Guardians of the Galaxy (2014),13
Guardians of the Galaxy 2 (2017),5
Guess Who's Coming to Dinner (1967),6
Gulliver's Travels (1939),1
"Guns of Navarone, The (1961)",1
Guy X (2005),1
Guys and Dolls (1955),2
Hachiko: A Dog's Story (a.k.a. Hachi: A Dog's Tale) (2009),1
Hackers (1995),3
Hairspray (1988),1
Half Baked (1998),3
Half Nelson (2006),1
Halloween (1978),7
Halloween: The Curse of Michael Myers (Halloween 6: The Curse of Michael Myers) (1995),2
Hamlet (1990),1
Hamlet (1996),6
Hancock (2008),1
Hands on a Hard Body (1996),1
Hangar 18 (1980),1
"Hangover Part II, The (2011)",1
"Hangover, The (2009)",9
Hanna (2011),1
Hannah and Her Sisters (1986),2
Hannibal (2001),1
Hannibal Rising (2007),1
Happiness (1998),6
Happy Feet (2006),1
Happy Feet Two (2011),1
Happy Gilmore (1996),14
Happy Together (a.k.a. Buenos Aires Affair) (Chun gwong cha sit) (1997),1
"Happy, Texas (1999)",1
Harakiri (Seppuku) (1962),1
Hard Candy (2005),1
Hard Core Logo (1996),1
"Hard Day's Night, A (1964)",2
"Hard Way, The (1991)",1
Hard-Boiled (Lat sau san taam) (1992),3
"Harder They Come, The (1973)",1
Harlan County U.S.A. (1976),1
Harold and Kumar Go to White Castle (2004),1
Harold and Maude (1971),10
Harriet the Spy (1996),1
Harry Potter and the Chamber of Secrets (2002),12
Harry Potter and the Deathly Hallows: Part 1 (2010),13
Harry Potter and the Deathly Hallows: Part 2 (2011),10
Harry Potter and the Goblet of Fire (2005),9
Harry Potter and the Half-Blood Prince (2009),10
Harry Potter and the Order of the Phoenix (2007),10
Harry Potter and the Prisoner of Azkaban (2004),12
Harry Potter and the Sorcerer's Stone (a.k.a. Harry Potter and the Philosopher's Stone) (2001),15
Harry and the Hendersons (1987),1
Harvey (1950),3
"Hate (Haine, La) (1995)",1
"Haunting, The (1963)",2
Heart and Souls (1993),1
Heartbreak Ridge (1986),2
Heat (1995),24
"Heat, The (2013)",1
Heathers (1989),9
Heavenly Creatures (1994),4
Heavy Metal (1981),4
Hedwig and the Angry Inch (2000),4
Heidi Fleiss: Hollywood Madam (1995),2
Heima (2007),1
Hell or High Water (2016),1
Hellbenders (2012),1
Hellbound: Hellraiser II (1988),2
Hellboy (2004),3
"Hello, Dolly! (1969)",1
Hellraiser (1987),1
Hellraiser: Bloodline (1996),1
"Help, The (2011)",1
Henry Fool (1997),1
Henry V (1989),5
Henry: Portrait of a Serial Killer (1986),2
Her (2013),7
Herbie Goes Bananas (1980),1
Herbie Rides Again (1974),1
Hercules (1997),2
Hero (Ying xiong) (2002),3
Hidden Figures (2016),1
High Fidelity (2000),8
High Noon (1952),7
High Plains Drifter (1973),3
Highlander (1986),12
His Girl Friday (1940),6
"History of Violence, A (2005)",2
History of the World: Part I (1981),2
"Hitchhiker's Guide to the Galaxy, The (2005)",1
"Hobbit: An Unexpected Journey, The (2012)",6
"Hobbit: The Desolation of Smaug, The (2013)",4
Hocus Pocus (1993),1
Holiday Inn (1942),2
"Holiday, The (2006)",1
Hollywood Chainsaw Hookers (1988),1
Hollywood Shuffle (1987),1
Holy Motors (2012),1
"Holy Mountain, The (Montaña sagrada, La) (1973)",1
Home (2009),1
Home Alone (1990),6
Home Alone 2: Lost in New York (1992),3
Home for the Holidays (1995),1
Homeward Bound II: Lost in San Francisco (1996),1
Hook (1991),4
Hoop Dreams (1994),13
Hoosiers (a.k.a. Best Shot) (1986),2
Hope and Glory (1987),1
Horrible Bosses (2011),1
Horrible Bosses 2 (2014),1
"Horse Whisperer, The (1998)",1
"Host, The (2013)",1
"Host, The (Gwoemul) (2006)",2
Hostel (2005),1
Hot Fuzz (2007),12
Hot Shots! Part Deux (1993),4
Hotel Rwanda (2004),5
Hotel Transylvania (2012),1
"Hours, The (2002)",3
House (1986),1
House of Games (1987),1
Houseguest (1994),2
How High (2001),1
How the Grinch Stole Christmas (a.k.a. The Grinch) (2000),1
How the Grinch Stole Christmas! (1966),1
How to Deal (2003),1
How to Lose a Guy in 10 Days (2003),3
How to Make an American Quilt (1995),1
How to Succeed in Business Without Really Trying (1967),1
How to Train Your Dragon (2010),11
How to Train Your Dragon 2 (2014),2
Howard the Duck (1986),1
Howards End (1992),2
Howl's Moving Castle (Hauru no ugoku shiro) (2004),10
Hudson Hawk (1991),1
"Hudsucker Proxy, The (1994)",7
Hugo (2011),1
Human (2015),1
"Human Condition III, The (Ningen no joken III) (1961)",1
"Hunchback of Notre Dame, The (1996)",3
Hunger (2008),1
"Hunt for Red October, The (1990)",18
"Hunt, The (Jagten) (2012)",2
Hunting Elephants (2013),1
"Hurricane, The (1999)",2
"Hurt Locker, The (2008)",5
Husbands and Wives (1992),1
"Hush... Hush, Sweet Charlotte (1964)",1
"Hustler, The (1961)",7
Hype! (1996),1
I Am Legend (2007),1
I Am Not Your Negro (2017),1
I Am Sam (2001),2
I Am Trying to Break Your Heart (2002),1
I Heart Huckabees (2004),1
I Now Pronounce You Chuck and Larry (2007),1
I Origins (2014),1
I Still Know What You Did Last Summer (1998),1
I'm the One That I Want (2000),1
"I, Robot (2004)",2
"I, the Jury (1982)",1
I.Q. (1994),4
Ice Age (2002),4
Ice Age: The Great Egg-Scapade (2016),1
Ice Princess (2005),1
"Ice Storm, The (1997)",4
"Ideal Husband, An (1999)",1
Identity (2003),1
Idiocracy (2006),5
Idiots and Angels (2008),1
Igby Goes Down (2002),1
"Illusionist, The (2006)",7
"Imaginarium of Doctor Parnassus, The (2009)",1
Immortal Beloved (1994),3
Immortals (2011),1
"Importance of Being Earnest, The (2002)",1
"Imposter, The (2012)",1
"Impostors, The (1998)",1
Impromptu (1991),1
In Bruges (2008),10
In the Company of Men (1997),2
In the Heat of the Night (1967),3
In the Line of Fire (1993),9
In the Loop (2009),1
In the Mood For Love (Fa yeung nin wa) (2000),3
In the Mouth of Madness (1995),1
In the Name of the Father (1993),9
In the Realm of the Senses (Ai no corrida) (1976),1
"In the blue sea, in the white foam. (1984)",1
Incendies (2010),2
Inception (2010),41
"Incredibles, The (2004)",11
"Incredibly True Adventure of Two Girls in Love, The (1995)",1
Indecent Proposal (1993),1
Independence Day (a.k.a. ID4) (1996),26
"Indian in the Cupboard, The (1995)",3
Indiana Jones and the Kingdom of the Crystal Skull (2008),1
Indiana Jones and the Last Crusade (1989),31
Indiana Jones and the Temple of Doom (1984),11
Indignation (2016),1
Indochine (1992),1
Infernal Affairs (Mou gaan dou) (2002),3
Inglourious Basterds (2009),21
Inherit the Wind (1960),2
Inland Empire (2006),1
Inside Job (2010),4
Inside Man (2006),6
Inside Out (2015),7
"Insider, The (1999)",1
Insomnia (1997),1
Insomnia (2002),1
Inspector Gadget (1999),1
Insurgent (2015),1
Intact (Intacto) (2001),1
Interiors (1978),1
Interstellar (2014),22
Interview with the Vampire: The Vampire Chronicles (1994),10
Into the Abyss (2011),1
Into the Forest of Fireflies' Light (2011),1
Into the Wild (2007),9
Into the Woods (1991),1
Intolerable Cruelty (2003),1
Intouchables (2011),14
Invasion of the Body Snatchers (1956),2
Investigation Held by Kolobki (1986),1
Invictus (2009),1
Ip Man (2008),2
Iris (2001),1
"Iron Giant, The (1999)",10
Iron Man (2008),11
Iron Man 2 (2010),1
Iron Man 3 (2013),3
Iron Monkey (Siu nin Wong Fei-hung ji: Tit Ma Lau) (1993),1
"Island of Dr. Moreau, The (1996)",2
Isle of Dogs (2018),1
It (2017),1
It Follows (2014),2
It Happened One Night (1934),6
It's My Party (1996),1
It's Such a Beautiful Day (2012),1
"It's a Mad, Mad, Mad, Mad World (1963)",1
It's a Wonderful Life (1946),20
"It's the Great Pumpkin, Charlie Brown (1966)",1
"Italian Job, The (1969)",1
"Italian Job, The (2003)",2
Ivan's Childhood (a.k.a. My Name is Ivan) (Ivanovo detstvo) (1962),1
JFK (1991),2
Jack (1996),1
Jack Reacher (2012),1
"Jackal, The (1997)",2
Jackass 2.5 (2007),1
Jackass 3.5 (2011),1
Jackass 3D (2010),1
Jackass Number Two (2006),2
Jackass: The Movie (2002),1
Jackie Brown (1997),2
Jacob's Ladder (1990),2
James and the Giant Peach (1996),8
Jane Eyre (1944),1
Jane Eyre (1996),2
Jason Bourne (2016),1
Jaws (1975),31
Jaws 2 (1978),1
Jay and Silent Bob Strike Back (2001),2
Jean de Florette (1986),3
Jeffrey (1995),2
Jeremiah Johnson (1972),2
"Jerk, The (1979)",2
"Jerky Boys, The (1995)",1
Jerry Maguire (1996),9
Jesus Camp (2006),1
"Jetée, La (1962)",1
Jezebel (1938),1
Jingle All the Way (1996),1
Jiro Dreams of Sushi (2011),1
Joe Versus the Volcano (1990),1
John Wick (2014),4
John Wick: Chapter Two (2017),2
Johnny Mnemonic (1995),2
Joint Security Area (Gongdong gyeongbi guyeok JSA) (2000),2
Jonah Who Will Be 25 in the Year 2000 (Jonas qui aura 25 ans en l'an 2000) (1976),2
Journey to the West: Conquering the Demons (Daai wa sai you chi Chui mo chun kei) (2013),1
"Joy Luck Club, The (1993)",1
Joy Ride (2001),1
Judge Dredd (1995),2
Jules and Jim (Jules et Jim) (1961),2
Jumanji (1995),7
Jump In! (2007),1
"Jungle Book, The (1967)",11
"Jungle Book, The (1994)",7
Junior (1994),2
Junior and Karlson (1968),1
Juno (2007),9
Jurassic Park (1993),40
Jurassic Park III (2001),1
"Juror, The (1996)",1
Jury Duty (1995),2
Just Cause (1995),3
Just Go with It (2011),2
Just Married (2003),1
Justice League: Doom (2012) ,1
K-PAX (2001),2
Kalifornia (1993),1
"Karate Kid, Part II, The (1986)",1
"Karate Kid, The (1984)",2
Karlson Returns (1970),1
Kazaam (1996),1
Keeping the Faith (2000),1
Kelly's Heroes (1970),4
"Kentucky Fried Movie, The (1977)",1
Key Largo (1948),2
"Kid, The (1921)",1
"Kid, The (2000)",1
Kids (1995),4
Kids in the Hall: Brain Candy (1996),1
Kiki's Delivery Service (Majo no takkyûbin) (1989),2
Kill Bill: Vol. 1 (2003),20
Kill Bill: Vol. 2 (2004),19
"Killer, The (Die xue shuang xiong) (1989)",4
"Killing Fields, The (1984)",10
"Killing, The (1956)",1
Kind Hearts and Coronets (1949),1
King Kong (1933),5
King Kong (1976),1
"King and I, The (1956)",3
"King of Comedy, The (1983)",1
King of Hearts (1966),1
"King of Kong, The (2007)",2
King of New York (1990),1
"King's Speech, The (2010)",11
Kingdom of Heaven (2005),1
"Kingdom, The (2007)",2
Kingpin (1996),5
Kingsman: The Secret Service (2015),5
Kiss Kiss Bang Bang (2005),7
Kiss Me Deadly (1955),1
Kiss the Girls (1997),2
Kissing Jessica Stein (2001),1
Klute (1971),2
"Knight's Tale, A (2001)",2
Knock Off (1998),1
Knocked Up (2007),4
Knockin' on Heaven's Door (1997),1
Kolya (Kolja) (1996),2
Koyaanisqatsi (a.k.a. Koyaanisqatsi: Life Out of Balance) (1983),2
Kramer vs. Kramer (1979),2
Kubo and the Two Strings (2016),1
Kung Fu Hustle (Gong fu) (2004),4
Kung Fu Panda (2008),4
Kung Fu Panda 2 (2011),2
Kung Fu Panda 3 (2016),1
Kung Fu Panda: Secrets of the Masters (2011),1
L.A. Confidential (1997),25
L.A. Slasher (2015),1
L.A. Story (1991),3
L.I.E. (2001),1
La Cérémonie (1995),1
La La Land (2016),1
Labyrinth (1986),10
"Lady Eve, The (1941)",3
Lady Jane (1986),1
"Lady Vanishes, The (1938)",1
Lady Vengeance (Sympathy for Lady Vengeance) (Chinjeolhan geumjassi) (2005),1
Lady and the Tramp (1955),6
Laggies (2014),1
"Lake House, The (2006)",2
Lamerica (1994),2
Land of the Dead (2005),1
Lantana (2001),1
Laputa: Castle in the Sky (Tenkû no shiro Rapyuta) (1986),4
Lara Croft: Tomb Raider (2001),1
Larry David: Curb Your Enthusiasm (1999),1
Lars and the Real Girl (2007),1
Lassie (1994),1
Last Action Hero (1993),3
"Last Days of Disco, The (1998)",1
"Last Detail, The (1973)",2
"Last Emperor, The (1987)",3
Last Hurrah for Chivalry (Hao xia) (1979),1
"Last King of Scotland, The (2006)",3
Last Life in the Universe (Ruang rak noi nid mahasan) (2003),1
"Last Picture Show, The (1971)",4
"Last Samurai, The (2003)",4
"Last Supper, The (1995)",1
Last Tango in Paris (Ultimo tango a Parigi) (1972),3
"Last Temptation of Christ, The (1988)",1
Last Year's Snow Was Falling (1983),1
"Last of the Mohicans, The (1992)",9
Laura (1944),2
"Lavender Hill Mob, The (1951)",1
Lawrence of Arabia (1962),21
Layer Cake (2004),1
"League of Their Own, A (1992)",2
Leaving Las Vegas (1995),17
Left Behind: The Movie (2000),1
Legally Blonde (2001),2
"Legend of Bagger Vance, The (2000)",1
"Legend of Drunken Master, The (Jui kuen II) (1994)",7
Legends of the Fall (1994),7
Lesson Faust (1994),2
Let It Ride (1989),1
Let Me In (2010),2
Let the Right One In (Låt den rätte komma in) (2008),5
Lethal Weapon (1987),9
Lethal Weapon 2 (1989),1
Lethal Weapon 3 (1992),2
Liar Liar (1997),3
Licence to Kill (1989),2
"Life Aquatic with Steve Zissou, The (2004)",3
Life Is Beautiful (La Vita è bella) (1997),35
"Life Less Ordinary, A (1997)",2
Life as a House (2001),2
"Life of David Gale, The (2003)",1
Life of Pi (2012),2
Lifeboat (1944),3
"Lifeguard, The (2013)",1
Light Years (Gandahar) (1988),1
Lightning Jack (1994),1
Like Stars on Earth (Taare Zameen Par) (2007),1
Like Water for Chocolate (Como agua para chocolate) (1992),13
Lilo & Stitch (2002),2
"Limey, The (1999)",3
Limitless (2011),4
Lincoln (2012),2
"Lion King, The (1994)",40
"Lion in Winter, The (1968)",1
Lions For Lambs (2007),1
Little Big Man (1970),9
Little Dieter Needs to Fly (1997),1
Little Man Tate (1991),1
"Little Mermaid, The (1989)",10
Little Miss Sunshine (2006),12
Little Murders (1971),1
"Little Princess, A (1995)",2
"Little Rascals, The (1994)",1
Little Shop of Horrors (1986),1
Little Voice (1998),2
Little Women (1933),1
Little Women (1994),8
Live Nude Girls (1995),1
Live and Let Die (1973),3
"Lives of Others, The (Das leben der Anderen) (2006)",6
Living in Oblivion (1995),4
Local Hero (1983),3
"Lock, Stock & Two Smoking Barrels (1998)",19
Lockout (2012),1
Logan (2017),8
Lolita (1997),1
Lone Star (1996),8
"Long Goodbye, The (1973)",2
"Long Kiss Goodnight, The (1996)",2
Looper (2012),5
Lord of War (2005),5
"Lord of the Rings, The (1978)",2
"Lord of the Rings: The Fellowship of the Ring, The (2001)",62
"Lord of the Rings: The Return of the King, The (2003)",53
"Lord of the Rings: The Two Towers, The (2002)",49
Loser (2000),1
Losing Isaiah (1995),1
"Lost Boys, The (1987)",4
Lost Highway (1997),1
"Lost World: Jurassic Park, The (1997)",1
Lost and Delirious (2001),1
Lost in Translation (2003),18
Louis C.K.: Chewed Up (2008),2
Louis C.K.: Hilarious (2010),3
Louis C.K.: Live at The Comedy Store (2015),2
Louis C.K.: Live at the Beacon Theater (2011),5
Louis C.K.: Oh My God (2013),1
Louis C.K.: Shameless (2007),3
Louis Theroux: Law & Disorder (2008),1
Love & Mercy (2014),1
Love Actually (2003),5
Love Affair (1994),1
Love Exposure (Ai No Mukidashi) (2008),1
Love Me If You Dare (Jeux d'enfants) (2003),2
Love and Death (1975),4
Love and Pigeons (1985),1
Lovely & Amazing (2001),1
Loving Vincent (2017),1
Lucky Number Slevin (2006),3
Lumberjack Man (2015),1
Léon: The Professional (a.k.a. The Professional) (Léon) (1994),35
M (1931),2
M*A*S*H (a.k.a. MASH) (1970),11
Machete (2010),1
Machete Kills (Machete 2) (2013),1
Mad Max (1979),4
Mad Max Beyond Thunderdome (1985),2
Mad Max: Fury Road (2015),10
Madagascar (2005),2
Madagascar 3: Europe's Most Wanted (2012),1
Madagascar: Escape 2 Africa (2008),2
Madame Sousatzka (1988),1
"Madness of King George, The (1994)",9
Madonna: Truth or Dare (1991),1
"Magdalene Sisters, The (2002)",2
"Magnificent Seven, The (1960)",2
Magnolia (1999),8
Magnum Force (1973),1
"Majestic, The (2001)",1
Major League (1989),1
Major Payne (1995),2
Malcolm X (1992),4
Maleficent (2014),1
Mallrats (1995),1
"Maltese Falcon, The (1941)",10
"Maltese Falcon, The (a.k.a. Dangerous Female) (1931)",2
Man Bites Dog (C'est arrivé près de chez vous) (1992),4
"Man Who Fell to Earth, The (1976)",2
"Man Who Knew Too Much, The (1956)",1
"Man Who Shot Liberty Valance, The (1962)",2
"Man Who Wasn't There, The (2001)",2
"Man Who Would Be King, The (1975)",3
"Man Without a Face, The (1993)",3
"Man and a Woman, A (Un homme et une femme) (1966)",1
"Man for All Seasons, A (1966)",3
"Man from Earth, The (2007)",3
"Man from Snowy River, The (1982)",1
"Man in the Iron Mask, The (1998)",2
Man on Fire (2004),3
Man on Wire (2008),1
Man on the Moon (1999),3
"Man with the Golden Arm, The (1955)",1
"Man with the Golden Gun, The (1974)",1
"Man with the Movie Camera, The (Chelovek s kino-apparatom) (1929)",1
"Manchurian Candidate, The (1962)",12
Manhattan (1979),9
Manhattan Murder Mystery (1993),2
Manhunter (1986),1
Maniac Cop 2 (1990),1
Manon of the Spring (Manon des sources) (1986),1
Marat/Sade (1966),1
Marathon Man (1976),1
Margin Call (2011),2
"Mariachi, El (1992)",2
Marley & Me (2008),1
"Marriage of Maria Braun, The (Ehe der Maria Braun, Die) (1979)",1
Mars Attacks! (1996),9
Martin Lawrence Live: Runteldat (2002),1
Marwencol (2010),1
Mary Poppins (1964),11
Mary Shelley's Frankenstein (Frankenstein) (1994),2
Mary and Max (2009),2
"Mask of Zorro, The (1998)",3
"Mask, The (1994)",12
Master and Commander: The Far Side of the World (2003),3
"Master, The (2012)",1
"Match Factory Girl, The (Tulitikkutehtaan tyttö) (1990)",1
Match Point (2005),1
Matchstick Men (2003),2
Matewan (1987),2
Matilda (1996),2
"Matrix Reloaded, The (2003)",8
"Matrix Revolutions, The (2003)",6
"Matrix, The (1999)",109
Maverick (1994),6
Max Manus (2008),1
McCabe & Mrs. Miller (1971),1
"Me, Myself & Irene (2000)",1
Mean Girls (2004),3
Mean Streets (1973),2
Meantime (1984),1
Meatballs (1979),2
"Medallion, The (2003)",1
Medicine Man (1992),1
Mediterraneo (1991),1
Meet Me in St. Louis (1944),3
Meet the Fockers (2004),1
Meet the Parents (2000),6
Megamind (2010),1
Melancholia (2011),1
Memento (2000),42
Memories of Murder (Salinui chueok) (2003),3
Men in Black (a.k.a. MIB) (1997),15
Men in Black III (M.III.B.) (M.I.B.³) (2012),1
Men of Honor (2000),1
Menace II Society (1993),1
Mephisto (1981),1
"Messenger: The Story of Joan of Arc, The (1999)",2
Metropolis (1927),4
Metropolis (2001),2
Metropolitan (1990),1
"Mexican, The (2001)",1
Michael (1996),1
Michael Clayton (2007),4
Mickey's Once Upon a Christmas (1999),1
Microcosmos (Microcosmos: Le peuple de l'herbe) (1996),1
"Midnight Clear, A (1992)",1
Midnight Cowboy (1969),8
Midnight Express (1978),2
Midnight Run (1988),3
Midnight in Paris (2011),4
Midnight in the Garden of Good and Evil (1997),5
Mighty Aphrodite (1995),3
"Mighty Wind, A (2003)",1
Milk (2008),1
Milk Money (1994),2
Millennium Actress (Sennen joyû) (2001),1
Miller's Crossing (1990),7
Million Dollar Baby (2004),4
Mind Game (2004),1
Minority Report (2002),9
Miracle on 34th Street (1947),4
Miracle on 34th Street (1994),5
Misery (1990),6
Miss Congeniality (2000),5
Miss Nobody (2010),1
Miss Sloane (2016),1
"Mission, The (1986)",1
Mission: Impossible (1996),20
Mission: Impossible - Rogue Nation (2015),2
Mission: Impossible II (2000),2
Mission: Impossible III (2006),1
"Mist, The (2007)",1
Mister Roberts (1955),2
"Misérables, Les (1998)",2
Moana (2016),1
Moby Dick (1956),1
"Mod Squad, The (1999)",1
Modern Times (1936),2
Moll Flanders (1996),1
Mona Lisa (1986),1
"Money Pit, The (1986)",2
Moneyball (2011),2
Monsieur Lazhar (2011),1
Monsieur Verdoux (1947),1
Monsoon Wedding (2001),2
Monster (2003),1
"Monster Squad, The (1987)",1
Monsters University (2013),2
"Monsters, Inc. (2001)",16
Monty Python Live at the Hollywood Bowl (1982),1
Monty Python and the Holy Grail (1975),51
Monty Python's And Now for Something Completely Different (1971),5
Monty Python's Life of Brian (1979),23
Monty Python's The Meaning of Life (1983),7
Moon (2009),7
Moonlight,1
Moonraker (1979),1
Moonrise Kingdom (2012),5
Moonstruck (1987),5
More (1998),1
Mortal Kombat (1995),1
Morvern Callar (2002),1
Moscow Does Not Believe in Tears (Moskva slezam ne verit) (1979),1
"Most Hated Family in America, The (2007)",1
Mother (Madeo) (2009),1
Mother Night (1996),1
"Mothman Prophecies, The (2002)",1
"Motorcycle Diaries, The (Diarios de motocicleta) (2004)",2
Moulin Rouge (2001),11
Mouse Hunt (1997),1
Movie 43 (2013),1
Mr. & Mrs. Smith (2005),5
Mr. Deeds (2002),1
Mr. Holland's Opus (1995),20
Mr. Mom (1983),1
Mr. Nobody (2009),1
Mr. Peabody & Sherman (2014),1
Mr. Skeffington (1944),1
Mr. Smith Goes to Washington (1939),5
Mr. Wrong (1996),1
"Mrs. Brown (a.k.a. Her Majesty, Mrs. Brown) (1997)",1
Mrs. Dalloway (1997),1
Mrs. Doubtfire (1993),15
Mrs. Miniver (1942),1
Much Ado About Nothing (1993),8
Mud (2012),1
Mulan (1998),4
Mulholland Drive (2001),10
Mulholland Falls (1996),1
"Mummy Returns, The (2001)",1
"Mummy, The (1999)",7
Munich (2005),2
"Muppet Christmas Carol, The (1992)",4
"Muppet Movie, The (1979)",3
Muppet Treasure Island (1996),3
Muppets From Space (1999),1
"Muppets Take Manhattan, The (1984)",2
"Muppets, The (2011)",1
Murder in the First (1995),5
Muriel's Wedding (1994),2
"Music Man, The (1962)",1
Mutant Aliens (2001),1
Mutiny on the Bounty (1935),1
My Architect: A Son's Journey (2003),1
My Best Friend's Wedding (1997),2
My Big Fat Greek Wedding (2002),5
My Blue Heaven (1990),2
My Bodyguard (1980),2
My Cousin Vinny (1992),6
My Dinner with André (1981),1
My Fair Lady (1964),8
My Favorite Year (1982),1
My Left Eye Sees Ghosts (Ngo joh aan gin diy gwai) (2002),1
My Left Foot (1989),2
My Life (1993),1
My Life as McDull (Mak dau goo si) (2001),1
My Life as a Dog (Mitt liv som hund) (1985),3
My Life in Pink (Ma vie en rose) (1997),3
My Love (2006),1
My Man Godfrey (1936),2
My Man Godfrey (1957),1
My Neighbor Totoro (Tonari no Totoro) (1988),9
My Own Private Idaho (1991),1
My Sassy Girl (Yeopgijeogin geunyeo) (2001),1
My Stepmother Is an Alien (1988),1
My Wife is an Actress (Ma Femme est une Actrice) (2001),2
Mystery Men (1999),2
Mystery Science Theater 3000: The Movie (1996),4
"Mystery of the Third Planet, The (Tayna tretey planety) (1981)",1
"Mystery, Alaska (1999)",1
Mystic Pizza (1988),1
Mystic River (2003),2
Naked (1993),1
"Naked Gun 2 1/2: The Smell of Fear, The (1991)",3
Naked Gun 33 1/3: The Final Insult (1994),4
"Naked Gun: From the Files of Police Squad!, The (1988)",3
"Name of the Rose, The (Name der Rose, Der) (1986)",1
Napoleon Dynamite (2004),3
Nashville (1975),1
Nasu: Summer in Andalusia (2003),1
National Lampoon's Bag Boy (2007),1
National Lampoon's Senior Trip (1995),1
National Lampoon's Vacation (1983),3
National Lampoon's Van Wilder (2002),1
National Treasure (2004),1
Natural Born Killers (1994),12
"Natural, The (1984)",1
Nausicaä of the Valley of the Wind (Kaze no tani no Naushika) (1984),6
Near Dark (1987),3
Nebraska (2013),1
"Negotiator, The (1998)",2
Nell (1994),4
"Net, The (1995)",8
Network (1976),4
Never Been Kissed (1999),1
Never Cry Wolf (1983),2
Never Say Never Again (1983),1
"NeverEnding Story, The (1984)",5
New Jersey Drive (1995),1
"Newton Boys, The (1998)",1
"Next Karate Kid, The (1994)",1
Next Stop Wonderland (1998),1
Night Shift (1982),1
Night at the Museum (2006),1
"Night at the Opera, A (1935)",1
Night of the Comet (1984),1
Night of the Living Dead (1968),9
Night on Earth (1991),2
Nightcrawler (2014),2
"Nightmare Before Christmas, The (1993)",12
"Nightmare on Elm Street, A (1984)",3
"Nights of Cabiria (Notti di Cabiria, Le) (1957)",2
"Nine Lives of Tomas Katz, The (2000)",1
Nine Months (1995),2
Nine to Five (a.k.a. 9 to 5) (1980),1
Ninja Scroll (Jûbei ninpûchô) (1995),2
Ninotchka (1939),2
"Ninth Gate, The (1999)",1
Nixon (1995),3
No Country for Old Men (2007),11
No Direction Home: Bob Dylan (2005),2
No Man's Land (2001),3
No Way Out (1987),2
Noah (2014),1
Nobody's Fool (1994),3
North by Northwest (1959),20
"Nosferatu (Nosferatu, eine Symphonie des Grauens) (1922)",1
"Notebook, The (2004)",8
Notorious (1946),5
Notting Hill (1999),6
Now You See Me (2013),2
Now and Then (1995),2
Nurse Betty (2000),1
"Nut Job, The (2014)",1
"Nutty Professor, The (1963)",1
"Nutty Professor, The (1996)",4
"O Brother, Where Art Thou? (2000)",17
Oblivion (2013),1
Observe and Report (2009),1
Obsession (1965),1
Ocean's Eleven (2001),10
Ocean's Eleven (a.k.a. Ocean's 11) (1960),1
Ocean's Thirteen (2007),3
Ocean's Twelve (2004),3
October Sky (1999),4
"Odd Couple, The (1968)",3
"Odd Life of Timothy Green, The (2012)",1
"Odessa File, The (1974)",1
Of Mice and Men (1992),1
Office Space (1999),22
"Officer and a Gentleman, An (1982)",3
Oklahoma! (1955),1
Old Boy (2003),10
Old School (2003),2
Oliver & Company (1988),1
Oliver! (1968),1
"Omega Man, The (1971)",1
"Omen, The (1976)",3
On Golden Pond (1981),3
On Her Majesty's Secret Service (1969),1
On the Other Side of the Tracks (De l'autre côté du périph) (2012),1
On the Ropes (1999),1
On the Town (1949),1
On the Trail of the Bremen Town Musicians (1973),1
On the Waterfront (1954),8
Once (2006),2
Once Upon a Time in America (1984),4
Once Upon a Time in the West (C'era una volta il West) (1968),7
Once Were Warriors (1994),5
One Crazy Summer (1986),1
One Flew Over the Cuckoo's Nest (1975),41
One Hour Photo (2002),1
"One I Love, The (2014)",1
Ong-Bak: The Thai Warrior (Ong Bak) (2003),1
Only Lovers Left Alive (2013),1
Only You (1994),2
Ooops! Noah is Gone... (2015),1
Open Hearts (Elsker dig for evigt) (2002),1
Open Your Eyes (Abre los ojos) (1997),1
Opera (1987),1
Operation 'Y' & Other Shurik's Adventures (1965),1
"Opposite of Sex, The (1998)",1
Ordinary People (1980),4
Orgazmo (1997),1
Orlando (1992),1
Oscar (1967),1
"Other Sister, The (1999)",1
"Others, The (2001)",6
Out of Africa (1985),1
Out of Sight (1998),9
Out of the Past (1947),1
Outbreak (1995),10
"Outlaw Josey Wales, The (1976)",6
Outside Providence (1999),1
"Outsiders, The (1983)",2
Over the Hedge (2006),1
P.S. I Love You (2007),1
PK (2014),1
Pacific Heights (1990),1
Pacific Rim (2013),1
Paddington 2 (2017),1
Pain & Gain (2013),1
"Painted Veil, The (2006)",1
Pale Rider (1985),1
Palindromes (2004),1
"Palm Beach Story, The (1942)",1
Palookaville (1996),1
"Pan's Labyrinth (Laberinto del fauno, El) (2006)",12
Panic (2000),1
Panic Room (2002),1
Paper Birds (Pájaros de papel) (2010),1
"Paper, The (1994)",1
Paperman (2012),4
Papillon (1973),2
Paprika (Papurika) (2006),2
Paradise Lost: The Child Murders at Robin Hood Hills (1996),1
Paranormal Activity (2009),1
Paranormal Activity 2 (2010),1
"Parent Trap, The (1961)",1
Parenthood (1989),2
Paris Is Burning (1990),2
Particle Fever (2013),1
Party Girl (1995),1
Passenger 57 (1992),1
"Passenger, The (Professione: reporter) (1975)",1
Passion Fish (1992),1
"Passion of the Christ, The (2004)",1
Patch Adams (1998),2
Paths of Glory (1957),6
Patriot Games (1992),2
"Patriot, The (2000)",4
Patton (1970),16
Pay It Forward (2000),3
Payback (1999),6
Peaceful Warrior (2006),1
"Peacemaker, The (1997)",2
Pecker (1998),1
Pee-wee's Big Adventure (1985),1
Peeping Tom (1960),1
Penguins of Madagascar (2014),1
Penn & Teller Get Killed (1989),1
Perfect Blue (1997),2
"Perfect Candidate, A (1996)",1
"Perfect Plan, A (Plan parfait, Un) (2012)",1
"Perfect Storm, The (2000)",2
"Perks of Being a Wallflower, The (2012)",5
Persepolis (2007),1
Persuasion (1995),3
Pet Sematary (1989),1
Peter Pan (1953),3
Peter's Friends (1992),1
Phantasm (1979),2
Phantasm II (1988),1
"Phantom of the Opera, The (2004)",1
Phantom of the Paradise (1974),2
"Phantom, The (1996)",1
Phenomenon (1996),5
Philadelphia (1993),8
"Philadelphia Story, The (1940)",13
Pi (1998),6
"Pianist, The (2002)",9
"Piano, The (1993)",9
Pineapple Express (2008),4
Pink Floyd: The Wall (1982),6
Pinocchio (1940),7
Pirates of the Caribbean: At World's End (2007),3
Pirates of the Caribbean: Dead Man's Chest (2006),7
Pirates of the Caribbean: Dead Men Tell No Tales (2017),1
Pirates of the Caribbean: On Stranger Tides (2011),2
Pirates of the Caribbean: The Curse of the Black Pearl (2003),18
Pitch Black (2000),1
Pitch Perfect (2012),1
Pitch Perfect 2 (2015),1
"Place in the Sun, A (1951)",1
Places in the Heart (1984),1
Plan 9 from Outer Space (1959),1
"Planes, Trains & Automobiles (1987)",6
Planet Earth (2006),3
Planet Earth II (2016),2
Planet Terror (2007),5
Planet of the Apes (1968),12
Planet of the Apes (2001),1
Platoon (1986),17
Play Time (a.k.a. Playtime) (1967),1
"Player, The (1992)",11
Pleasantville (1998),6
Pocahontas (1995),4
Point Break (1991),1
"Polar Express, The (2004)",1
Police Academy (1984),1
Police Academy 2: Their First Assignment (1985),1
Police Academy 3: Back in Training (1986),1
Police Academy 4: Citizens on Patrol (1987),1
Police Academy 5: Assignment: Miami Beach (1988),1
Police Story (Ging chaat goo si) (1985),1
Polish Wedding (1998),1
Pollock (2000),1
Pollyanna (1960),1
Poltergeist (1982),1
"Pompatus of Love, The (1996)",1
Ponette (1996),1
Ponyo (Gake no ue no Ponyo) (2008),5
Porco Rosso (Crimson Pig) (Kurenai no buta) (1992),1
Porky's (1982),1
"Poseidon Adventure, The (1972)",1
"Postman, The (1997)",1
"Postman, The (Postino, Il) (1994)",12
Powder (1995),3
"Preacher's Wife, The (1996)",1
Predator (1987),10
Predator 2 (1990),2
Predestination (2014),1
"Prestige, The (2006)",17
Presto (2008),1
Presumed Innocent (1990),2
Pretty Woman (1990),10
Pretty in Pink (1986),1
Pride & Prejudice (2005),4
Pride and Prejudice (1940),1
Pride and Prejudice (1995),2
Priest (1994),2
Priklyucheniya Kapitana Vrungelya (1979),1
Primal Fear (1996),5
Primer (2004),2
"Prince of Egypt, The (1998)",4
"Princess Bride, The (1987)",55
"Princess Diaries, The (2001)",1
Princess Mononoke (Mononoke-hime) (1997),13
"Princess and the Frog, The (2009)",1
"Princess and the Warrior, The (Krieger und die Kaiserin, Der) (2000)",2
Prisoners (2013),6
Private Parts (1997),4
Prizzi's Honor (1985),2
"Producers, The (1968)",9
"Professional, The (Le professionnel) (1981)",1
Project A ('A' gai waak) (1983),1
Project A 2 ('A' gai wak juk jap) (1987),1
Project Almanac (2015),1
Prometheus (2012),2
"Promise, The (La promesse) (1996)",1
"Prophecy, The (1995)",2
"Prophet, A (Un Prophète) (2009)",1
"Proposal, The (2009)",2
Psycho (1960),21
Pulp Fiction (1994),123
Pump Up the Volume (1990),1
Punch-Drunk Love (2002),6
"Punisher, The (2004)",2
"Purge: Anarchy, The (2014)",1
"Purple Rose of Cairo, The (1985)",2
"Pursuit of Happyness, The (2006)",9
"Quest for Fire (Guerre du feu, La) (1981)",2
"Quick and the Dead, The (1995)",1
"Quiet American, The (2002)",1
"Quiet Man, The (1952)",1
Quiz Show (1994),9
Radio (2003),1
Radio Day (2008),1
Raging Bull (1980),15
Raiders of the Lost Ark (Indiana Jones and the Raiders of the Lost Ark) (1981),69
Rain (2001),1
Rain Man (1988),12
Raise Your Voice (2004),1
Raise the Red Lantern (Da hong deng long gao gao gua) (1991),4
Raising Arizona (1987),18
Ran (1985),7
Random Hearts (1999),1
Rango (2011),3
Ransom (1996),4
Rare Exports: A Christmas Tale (Rare Exports) (2010),1
Rashomon (Rashômon) (1950),3
Rat Race (2001),1
Ratatouille (2007),12
Ray (2004),1
Ready to Wear (Pret-A-Porter) (1994),1
Real Genius (1985),3
Reality Bites (1994),1
Rear Window (1954),32
Rebecca (1940),5
Rebel Without a Cause (1955),5
"Recruit, The (2003)",1
Red Cliff (Chi bi) (2008),1
Red Cliff Part II (Chi Bi Xia: Jue Zhan Tian Xia) (2009),1
Red Corner (1997),1
Red Dawn (1984),2
Red Dragon (2002),3
Red Rock West (1992),2
Red Sorghum (Hong gao liang) (1987),1
"Red Violin, The (Violon rouge, Le) (1998)",5
Reefer Madness: The Movie Musical (2005),1
"Ref, The (1994)",4
Reform School Girls (1986),1
Reign Over Me (2007),2
Reindeer Games (2000),1
"Relic, The (1997)",1
"Remains of the Day, The (1993)",4
Remember the Titans (2000),8
Renaissance Man (1994),2
Repo Man (1984),1
Repulsion (1965),1
Requiem for a Dream (2000),25
"Rescuers, The (1977)",1
Reservoir Dogs (1992),45
Resident Evil: Apocalypse (2004),1
"Return of Martin Guerre, The (Retour de Martin Guerre, Le) (1982)",1
"Return of the Pink Panther, The (1975)",1
Return to Treasure Island (1988),1
Revolutionary Road (2008),1
Revolver (2005),2
Richard III (1995),1
Richard Pryor Live on the Sunset Strip (1982),1
Richie Rich (1994),1
Rififi (Du rififi chez les hommes) (1955),1
"Right Stuff, The (1983)",6
Rio (2011),1
Rise of the Guardians (2012),2
Rise of the Planet of the Apes (2011),1
Rising Sun (1993),1
Risky Business (1983),5
"River Runs Through It, A (1992)",6
"River Wild, The (1994)",2
Rivers and Tides (2001),1
Road Trip (2000),2
"Road Warrior, The (Mad Max 2) (1981)",13
Road to Perdition (2002),3
Rob Roy (1995),7
Robin Hood (1973),4
Robin Hood: Men in Tights (1993),5
Robin Hood: Prince of Thieves (1991),1
RoboCop (1987),3
RoboCop 2 (1990),1
RoboCop 3 (1993),1
Robots (2005),1
"Rock, The (1996)",17
"Rocketeer, The (1991)",3
RocknRolla (2008),1
Rocky (1976),12
Rocky Balboa (2006),1
"Rocky Horror Picture Show, The (1975)",9
Rocky II (1979),2
Rocky IV (1985),2
Roger & Me (1989),8
Roger Dodger (2002),1
Rogue One: A Star Wars Story (2016),5
Rollerball (1975),1
Roman Holiday (1953),7
Romancing the Stone (1984),1
Romeo Must Die (2000),1
Romeo and Juliet (1968),3
Ronin (1998),6
"Room with a View, A (1986)",3
"Room, The (2003)",2
Roommates (1995),1
Rope (1948),1
Rosemary's Baby (1968),9
Rosencrantz and Guildenstern Are Dead (1990),7
Rounders (1998),4
"Royal Tenenbaums, The (2001)",10
Rudy (1993),5
"Rules of Attraction, The (2002)",2
Rumble in the Bronx (Hont faan kui) (1995),8
Run Lola Run (Lola rennt) (1998),11
Run Silent Run Deep (1958),1
Runaway Brain (1995) ,1
Runaway Bride (1999),1
"Running Man, The (1987)",3
Running Scared (1986),1
Rush (2013),2
Rush Hour (1998),2
Rush Hour 2 (2001),2
Rushmore (1998),13
Ruthless People (1986),1
SLC Punk! (1998),2
SORI: Voice from the Heart (2016),1
Saboteur (1942),1
Sabrina (1954),5
Sabrina (1995),2
Safe (1995),1
Safety Last! (1923),1
"Saint, The (1997)",2
"Salton Sea, The (2002)",1
"Samouraï, Le (Godson, The) (1967)",1
Samsara (2011),1
"Sandlot, The (1993)",4
"Sandpiper, The (1965)",1
"Santa Clause, The (1994)",7
Satin Rouge (2002),1
Saturn 3 (1980),1
Sausage Party (2016),1
Saved! (2004),1
Saving Face (2004),1
Saving Grace (2000),2
Saving Private Ryan (1998),61
Saving Santa (2013),1
Saw (2003),1
Saw (2004),2
Saw III (2006),1
Say Anything... (1989),9
"Scanner Darkly, A (2006)",1
Scarface (1983),11
"Scarlet Letter, The (1995)",1
Scary Movie (2000),5
Scary Movie 2 (2001),2
Scary Movie 3 (2003),2
Scary Movie 4 (2006),1
Scent of a Woman (1992),2
Schindler's List (1993),92
School of Rock (2003),3
Scooby-Doo (2002),2
Scooby-Doo Goes Hollywood (1979),1
Scooby-Doo! Abracadabra-Doo (2010),1
Scooby-Doo! Curse of the Lake Monster (2010),1
Scooby-Doo! and the Loch Ness Monster (2004),1
Scooby-Doo! and the Samurai Sword (2009),1
Scott Pilgrim vs. the World (2010),8
Scratch (2001),1
Scream (1996),8
Scream 2 (1997),2
Scream 3 (2000),1
Screamers (1995),3
Scrooged (1988),1
"Sea Inside, The (Mar adentro) (2004)",1
Seabiscuit (2003),1
"Searchers, The (1956)",2
Searching for Bobby Fischer (1993),7
"Secret Garden, The (1993)",1
"Secret Life of Walter Mitty, The (2013)",3
"Secret in Their Eyes, The (El secreto de sus ojos) (2009)",1
"Secret of NIMH, The (1982)",1
"Secret of Roan Inish, The (1994)",3
Secretary (2002),2
Secrets & Lies (1996),6
Seems Like Old Times (1980),1
Sense and Sensibility (1995),19
"Separation, A (Jodaeiye Nader az Simin) (2011)",1
Serendipity (2001),2
Serenity (2005),9
Serpico (1973),1
Set It Off (1996),1
Seve (2014),1
Seven (a.k.a. Se7en) (1995),52
Seven Pounds (2008),1
Seven Psychopaths (2012),1
Seven Samurai (Shichinin no samurai) (1954),14
Seven Years in Tibet (1997),2
"Seventh Seal, The (Sjunde inseglet, Det) (1957)",7
Sex and Lucia (Lucía y el sexo) (2001),1
"Sex, Lies, and Videotape (1989)",3
Sexy Beast (2000),1
Sgt. Bilko (1996),1
Shadow of a Doubt (1943),2
Shadowlands (1993),2
Shaft (1971),1
Shakespeare in Love (1998),19
Shall We Dance (1937),2
Shall We Dance? (Shall We Dansu?) (1996),1
Shallow Grave (1994),5
Shallow Hal (2001),1
Shampoo (1975),2
Shanghai Noon (2000),2
Shaolin Soccer (Siu lam juk kau) (2001),2
Shaun of the Dead (2004),20
"Shawshank Redemption, The (1994)",153
She's All That (1999),2
She's Out of My League (2010),1
She's the Man (2006),1
She's the One (1996),1
Sherlock - A Study in Pink (2010),1
Sherlock Holmes (2009),9
Sherlock Holmes and Dr. Watson: Acquaintance (1979),1
Sherlock Holmes: A Game of Shadows (2011),3
Sherlock: The Abominable Bride (2016),3
Shine (1996),6
"Shining, The (1980)",29
Shogun Assassin (1980),1
Shoot 'Em Up (2007),2
Shooter (2007),3
Shooting Fish (1997),1
"Shop Around the Corner, The (1940)",1
Short Circuit (1986),1
Short Cuts (1993),3
Show Me Love (Fucking Åmål) (1998),2
Shower (Xizao) (1999),1
Showgirls (1995),1
Shrek (2001),30
Shrek 2 (2004),10
Shrek Forever After (a.k.a. Shrek: The Final Chapter) (2010),1
Shrek the Third (2007),1
Shutter Island (2010),13
Siam Sunset (1999),1
Sicko (2007),1
Side Effects (2013),1
Sideways (2004),7
Signs (2002),1
"Silence of the Lambs, The (1991)",92
Silent Hill (2006),1
Silkwood (1983),1
Silver Linings Playbook (2012),4
"Simple Plan, A (1998)",3
"Simpsons Movie, The (2007)",3
Sin City (2005),12
Singin' in the Rain (1952),14
Single White Female (1992),1
Sister Act (1992),1
"Sisterhood of the Traveling Pants, The (2005)",1
Sisters (Syostry) (2001),1
Six Degrees of Separation (1993),3
Six-String Samurai (1998),1
Sixteen Candles (1984),6
"Sixth Sense, The (1999)",36
"Skin I Live In, The (La piel que habito) (2011)",1
"Skulls, The (2000)",1
Skyfall (2012),5
Slap Shot (1977),2
Sleeper (1973),3
Sleepers (1996),3
Sleepless in Seattle (1993),8
Sleepy Hollow (1999),4
Sliding Doors (1998),3
Sling Blade (1996),11
Slumber Party Massacre II (1987),1
Slumber Party Massacre III (1990),1
Slumdog Millionaire (2008),13
"Slums of Beverly Hills, The (1998)",1
Small Time Crooks (2000),2
Smoke (1995),6
Snake Eyes (1998),1
Snakes on a Plane (2006),1
Snatch (2000),25
Sneakers (1992),1
Snow Dogs (2002),1
Snow White and the Seven Dwarfs (1937),10
"Snowflake, the White Gorilla (2011)",1
Snowpiercer (2013),1
So I Married an Axe Murderer (1993),5
"Social Network, The (2010)",7
Solaris (2002),1
Solaris (Solyaris) (1972),4
Solo: A Star Wars Story (2018),1
Some Kind of Wonderful (1987),1
Some Like It Hot (1959),13
Something Wicked This Way Comes (1983),1
Something to Talk About (1995),1
Somewhere in Time (1980),1
Son in Law (1993),1
Son of Rambow (2007),1
"Son of the Bride (Hijo de la novia, El) (2001)",1
Sonatine (Sonachine) (1993),1
Song of the Little Road (Pather Panchali) (1955),1
Sophie Scholl: The Final Days (Sophie Scholl - Die letzten Tage) (2005),1
Sophie's Choice (1982),4
Sorority House Massacre (1986),1
Sorority House Massacre II (1990),1
"Sound of Music, The (1965)",21
South Pacific (1958),1
"South Park: Bigger, Longer and Uncut (1999)",17
Space Jam (1996),3
Spaceballs (1987),4
"Spanish Apartment, The (L'auberge espagnole) (2002)",1
"Spanish Prisoner, The (1997)",2
Spartacus (1960),1
Spawn (1997),1
"Specialist, The (1994)",2
Spectre (2015),1
Speed (1994),26
Spellbound (1945),2
Spellbound (2002),1
Spellbound (2011),1
Spider-Man (2002),10
Spider-Man 2 (2004),13
Spider-Man 3 (2007),1
Spirited Away (Sen to Chihiro no kamikakushi) (2001),23
Splash (1984),2
Spotlight (2015),4
"Spring, Summer, Fall, Winter... and Spring (Bom yeoreum gaeul gyeoul geurigo bom) (2003)",2
Spy (2015),2
Spy Game (2001),2
Spy Kids (2001),1
"Spy Who Loved Me, The (1977)",1
Stalker (1979),2
Stand and Deliver (1988),1
Stand by Me (1986),21
"Stand, The (1994)",1
Star Trek (2009),6
Star Trek II: The Wrath of Khan (1982),12
Star Trek III: The Search for Spock (1984),1
Star Trek IV: The Voyage Home (1986),7
Star Trek Into Darkness (2013),3
Star Trek V: The Final Frontier (1989),1
Star Trek VI: The Undiscovered Country (1991),5
Star Trek: First Contact (1996),22
Star Trek: Generations (1994),8
Star Trek: Insurrection (1998),2
Star Trek: The Motion Picture (1979),1
Star Wars: Episode I - The Phantom Menace (1999),11
Star Wars: Episode II - Attack of the Clones (2002),5
Star Wars: Episode III - Revenge of the Sith (2005),6
Star Wars: Episode IV - A New Hope (1977),104
Star Wars: Episode V - The Empire Strikes Back (1980),80
Star Wars: Episode VI - Return of the Jedi (1983),65
Star Wars: Episode VII - The Force Awakens (2015),5
Star Wars: The Last Jedi (2017),1
Stardust (2007),4
Stardust Memories (1980),1
Stargate (1994),11
Starship Troopers (1997),7
State and Main (2000),1
Steel Magnolias (1989),1
Step Brothers (2008),3
Step Up (2006),1
Steve Jobs (2015),1
Stigmata (1999),1
"Sting, The (1973)",15
Stir Crazy (1980),1
Stir of Echoes (1999),1
Stitch! The Movie (2003),1
Stop Making Sense (1984),1
"Story of Women (Affaire de femmes, Une) (1988)",1
"Strada, La (1954)",1
Straight Outta Compton (2015),1
"Straight Story, The (1999)",1
Strange Brew (1983),2
Strange Days (1995),3
Stranger Than Paradise (1984),3
Stranger than Fiction (2006),4
Strangers on a Train (1951),6
"Streetcar Named Desire, A (1951)",10
Strictly Ballroom (1992),6
Strictly Sexual (2008),1
Stripes (1981),8
Striptease (1996),2
Stuart Little (1999),1
Stuart Little 2 (2002),1
Stuart Little 3: Call of the Wild (2005),1
"Stunt Man, The (1980)",2
SubUrbia (1997),1
Submarine (2010),1
Sudden Death (1995),2
Sudden Impact (1983),1
Sullivan's Travels (1941),2
Summer of Sam (1999),1
"Summer's Tale, A (Conte d'été) (1996)",1
Sun Alley (Sonnenallee) (1999),1
Sunset Blvd. (a.k.a. Sunset Boulevard) (1950),10
Sunshine (2007),3
Super Size Me (2004),2
Super Troopers (2001),4
Superbad (2007),10
Supercop (Police Story 3: Supercop) (Jing cha gu shi III: Chao ji jing cha) (1992),2
Supercop 2 (Project S) (Chao ji ji hua) (1993),1
Supergirl (1984),1
Superman (1978),6
Superman II (1980),1
Superman Returns (2006),1
Superman/Batman: Public Enemies (2009),1
Superstar (1999),2
Surrogates (2009),2
Suspicion (1941),1
Suspiria (1977),3
Sweeney Todd: The Demon Barber of Fleet Street (2007),2
"Sweet Hereafter, The (1997)",7
Sweet Home Alabama (2002),2
Sweet November (2001),1
Sweet Smell of Success (1957),1
Swept Away (Travolti da un insolito destino nell'azzurro mare d'Agosto) (1975),4
Swimming with Sharks (1995),2
Swing Kids (1993),1
Swingers (1996),8
"Sword in the Stone, The (1963)",3
"Sword of Doom, The (Dai-bosatsu tôge) (1966)",1
Sympathy for Mr. Vengeance (Boksuneun naui geot) (2002),1
Syriana (2005),1
Tadpole (2002),1
Take the Lead (2006),1
Taken (2008),6
Taken 2 (2012),2
Taken 3 (2015),1
"Taking of Pelham One Two Three, The (1974)",2
"Talented Mr. Ripley, The (1999)",4
Tales from the Crypt Presents: Bordello of Blood (1996),1
Tales from the Crypt Presents: Demon Knight (1995),1
Tales from the Darkside: The Movie (1990),1
Tales of Manhattan (1942),1
Talladega Nights: The Ballad of Ricky Bobby (2006),2
Tampopo (1985),1
Tangled (2010),4
Tank Girl (1995),1
"Tao of Steve, The (2000)",1
Tarzan (1999),3
Taxi (1998),1
Taxi 2 (2000),1
Taxi Driver (1976),32
Tea with Mussolini (1999),3
Teaching Mrs. Tingle (1999),1
Team America: World Police (2004),5
Ted (2012),1
Ted 2 (2015),1
Teen Wolf (1985),1
Tekkonkinkreet (Tekkon kinkurîto) (2006),2
Tenchi Muyô! In Love (1996),1
"Terminal, The (2004)",1
Terminator 2: Judgment Day (1991),64
"Terminator, The (1984)",23
Terms of Endearment (1983),5
Terri (2011),1
"Texas Chainsaw Massacre, The (1974)",2
Thank You for Smoking (2006),5
That Thing You Do! (1996),4
The Adventures of Sherlock Holmes and Doctor Watson,1
The Adventures of Sherlock Holmes and Doctor Watson: King of Blackmailers (1980),1
The Adventures of Sherlock Holmes and Doctor Watson: The Treasures of Agra (1983),1
The Adventures of Sherlock Holmes and Dr. Watson: Bloody Signature (1979),1
The Amazing Screw-On Head (2006),1
The Artist (2011),4
The Big Bus (1976),1
The Big Sick (2017),1
The Blue Planet (2001),1
The Boss Baby (2017),1
The Bremen Town Musicians (1969),1
The Butterfly Effect (2004),4
The Count of Monte Cristo (2002),4
The Devil's Advocate (1997),6
The Editor (2015),1
The Eye: Infinity (2005),1
The Fault in Our Stars (2014),1
The Fox and the Hound 2 (2006),1
The Gift (2015),1
The Girl with All the Gifts (2016),1
The Girls (1961),1
The Godfather Trilogy: 1972-1990 (1992),1
The Golden Voyage of Sinbad (1973),1
The Hateful Eight (2015),2
The Hobbit: The Battle of the Five Armies (2014),2
The Hunger (1983),1
The Hunger Games (2012),3
The Hunger Games: Catching Fire (2013),1
The Hunger Games: Mockingjay - Part 1 (2014),2
The Hunger Games: Mockingjay - Part 2 (2015),1
The Imitation Game (2014),7
The Intern (2015),1
The Interview (2014),1
The Jinx: The Life and Deaths of Robert Durst (2015),1
The Jungle Book (2016),1
The Lair of the White Worm (1988),1
The Lego Batman Movie (2017),2
The Lego Movie (2014),5
The Lobster (2015),1
The Love Bug (1997),1
The Machinist (2004),5
The Man from Nowhere (2010),1
The Man from U.N.C.L.E. (2015),1
The Man in the Moon (1991),1
The Martian (2015),5
The Nice Guys (2016),2
The Night Before (2015),1
The Pacific (2010),1
The Raid 2: Berandal (2014),2
The Raid: Redemption (2011),4
The Revenant (2015),9
The Salt of the Earth (2014),1
The Theory of Everything (2014),1
The Wedding Ringer (2015),2
Thelma & Louise (1991),5
Them! (1954),1
There Once Was a Dog (1982),1
There Will Be Blood (2007),7
There's Something About Mary (1998),15
Thesis (Tesis) (1996),1
They Call Me Trinity (1971),1
Thief (1981),1
"Thin Blue Line, The (1988)",1
"Thin Line Between Love and Hate, A (1996)",1
"Thin Man, The (1934)",1
"Thin Red Line, The (1998)",7
"Thing, The (1982)",14
Things to Do in Denver When You're Dead (1995),1
"Third Man, The (1949)",10
Thirteen Conversations About One Thing (a.k.a. 13 Conversations) (2001),1
Thirteen Days (2000),1
Thirty-Two Short Films About Glenn Gould (1993),1
This Is England (2006),1
This Is Spinal Tap (1984),15
This Is the End (2013),1
"Thomas Crown Affair, The (1968)",1
"Thomas Crown Affair, The (1999)",4
Thor (2011),3
Thor: Ragnarok (2017),4
Thor: The Dark World (2013),1
"Thousand Clowns, A (1965)",1
"Three Billboards Outside Ebbing, Missouri (2017)",4
"Three Caballeros, The (1945)",1
Three Colors: Blue (Trois couleurs: Bleu) (1993),5
Three Colors: Red (Trois couleurs: Rouge) (1994),6
Three Colors: White (Trzy kolory: Bialy) (1994),5
Three Days of the Condor (3 Days of the Condor) (1975),3
Three Kings (1999),5
Three Men and a Baby (1987),1
"Three Musketeers, The (1993)",5
Three from Prostokvashino (1978),1
Threesome (1994),1
Thunderball (1965),1
Tickling Giants (2017),1
Time Bandits (1981),8
"Time Machine, The (1960)",1
"Time Machine, The (2002)",1
"Time to Kill, A (1996)",4
"Timecrimes (Cronocrímenes, Los) (2007)",1
Tin Cup (1996),1
Tinker Tailor Soldier Spy (2011),2
Titan A.E. (2000),1
Titanic (1953),3
Titanic (1997),17
Titus (1999),1
To Catch a Thief (1955),9
To Die For (1995),3
To Kill a Mockingbird (1962),19
To Live (Huozhe) (1994),1
To Sir with Love (1967),2
"To Wong Foo, Thanks for Everything! Julie Newmar (1995)",3
Tokyo Godfathers (2003),1
Tokyo Tribe (2014),1
Tom Segura: Completely Normal (2014),1
Tom Segura: Mostly Stories (2016),1
Tom and Huck (1995),1
Tom and Jerry: A Nutcracker Tale (2007),1
Tom and Jerry: Shiver Me Whiskers (2006),1
Tombstone (1993),15
Tommy Boy (1995),14
Tomorrow Never Dies (1997),3
Tootsie (1982),2
Top Gun (1986),9
Top Hat (1935),2
Top Secret! (1984),2
"Topo, El (1970)",2
Topsy-Turvy (1999),1
Tora! Tora! Tora! (1970),1
Total Recall (1990),11
Touch of Evil (1958),6
Touching the Void (2003),1
"Towering Inferno, The (1974)",1
"Town, The (2010)",1
Toy Story (1995),47
Toy Story 2 (1999),19
Toy Story 3 (2010),14
Trading Places (1983),5
Traffic (2000),13
Trailer Park Boys (1999),1
Training Day (2001),4
Trainspotting (1996),24
Transformers (2007),4
Transformers: The Movie (1986),1
"Transporter, The (2002)",2
Travels of an Ant (1983),1
Treasure Planet (2002),1
"Treasure of the Sierra Madre, The (1948)",2
"Tree of Life, The (2011)",1
Trees Lounge (1996),1
Tremors (1990),2
"Trial, The (Procès, Le) (1962)",4
Trinity and Sartana Are Coming (1972),1
"Trip to Bountiful, The (1985)",1
"Triplets of Belleville, The (Les triplettes de Belleville) (2003)",1
Tristan & Isolde (2006),1
Triumph of the Will (Triumph des Willens) (1934),1
Troll 2 (1990),2
Tron (1982),1
Tron: Legacy (2010),1
Tropic Thunder (2008),3
"Trouble with Harry, The (1955)",1
Troy (2004),3
True Grit (1969),2
True Grit (2010),2
True Lies (1994),24
True Romance (1993),15
True Stories (1986),1
"Truly, Madly, Deeply (1991)",1
"Truman Show, The (1998)",12
Trust (1990),1
"Truth About Cats & Dogs, The (1996)",3
Tucker & Dale vs Evil (2010),4
"Tuxedo, The (2002)",1
Twelfth Night (1996),1
Twelve Monkeys (a.k.a. 12 Monkeys) (1995),45
Twilight (2008),1
Twin Dragons (Shuang long hui) (1992),1
Twin Peaks: Fire Walk with Me (1992),1
Twister (1996),17
Two Family House (2000),1
Two Weeks Notice (2002),1
Tyler Perry's I Can Do Bad All by Myself (2009),1
U Turn (1997),1
U-571 (2000),1
U.S. Marshals (1998),2
UHF (1989),1
"Ugly Duckling and Me!, The (2006)",1
"Ugly Truth, The (2009)",1
Ulee's Gold (1997),1
Umberto D. (1952),1
"Umbrellas of Cherbourg, The (Parapluies de Cherbourg, Les) (1964)",1
"Unbearable Lightness of Being, The (1988)",2
Unbreakable (2000),6
Under Siege (1992),1
Under the Sand (2000),1
Under the Tuscan Sun (2003),1
Underworld (2003),2
Unfaithfully Yours (1948),1
Unforgiven (1992),11
"Unforgiven, The (1960)",1
Unicorn City (2012),1
Universal Soldier (1992),1
Universal Soldier: The Return (1999),1
Unleashed (Danny the Dog) (2005),1
Untitled Spider-Man Reboot (2017),3
"Untouchables, The (1987)",11
Up (2009),25
Up Close and Personal (1996),1
Up in the Air (2009),1
Uptown Girls (2003),1
"Usual Suspects, The (1995)",71
V for Vendetta (2006),10
Vacation (2015),1
Vacations in Prostokvashino (1980),1
Vagabond (Sans toit ni loi) (1985),1
"Valet, The (La doublure) (2006)",1
Valmont (1989),1
Vampire in Venice (Nosferatu a Venezia) (Nosferatu in Venice) (1986),1
Vanilla Sky (2001),4
Vanya on 42nd Street (1994),2
Varsity Blues (1999),1
"Verdict, The (1982)",3
Vertigo (1958),17
Very Bad Things (1998),2
"Very Brady Sequel, A (1996)",1
"Very Long Engagement, A (Un long dimanche de fiançailles) (2004)",1
"Very Potter Sequel, A (2010)",1
Vicky Cristina Barcelona (2008),1
Victor/Victoria (1982),1
Victoria (2015),1
Victory (a.k.a. Escape to Victory) (1981),1
"View to a Kill, A (1985)",1
Village of the Damned (1995),1
"Village, The (2004)",1
Villain (1971),1
"Virgin Suicides, The (1999)",3
Virtuosity (1995),1
Visitor Q (Bizita Q) (2001),1
"Visitors, The (Visiteurs, Les) (1993)",1
Voices from the List (2004),2
Volunteers (1985),1
Vovka in the Kingdom of Far Far Away (1965),1
WALL·E (2008),27
"Wackness, The (2008)",1
Wag the Dog (1997),3
Waiting for Guffman (1996),5
Waiting... (2005),2
Waking Life (2001),2
Waking Ned Devine (a.k.a. Waking Ned) (1998),2
"Walk in the Clouds, A (1995)",4
Walk the Line (2005),2
"Walk to Remember, A (2002)",3
Wall Street (1987),1
Wallace & Gromit in The Curse of the Were-Rabbit (2005),7
Wallace & Gromit: A Close Shave (1995),14
Wallace & Gromit: The Best of Aardman Animation (1996),12
Wallace & Gromit: The Wrong Trousers (1993),18
Wallace and Gromit in 'A Matter of Loaf and Death' (2008),1
Wanted (2008),1
War for the Planet of the Apes (2017),1
War of the Worlds (2005),1
WarGames (1983),1
Warrior (2011),2
"Warriors, The (1979)",1
Watching the Detectives (2007),1
Watchmen (2009),8
Watermark (2014),1
Watership Down (1978),1
Waterworld (1995),2
"Way of the Dragon, The (a.k.a. Return of the Dragon) (Meng long guo jiang) (1972)",1
Waydowntown (2000),1
Wayne's World (1992),6
Wayne's World 2 (1993),2
We Were Soldiers (2002),1
We're the Millers (2013),3
"Weather Man, The (2005)",1
Wedding Crashers (2005),3
"Wedding Planner, The (2001)",1
"Wedding Singer, The (1998)",2
Weird Science (1985),1
Welcome to the Dollhouse (1995),3
Welcome to the Sticks (Bienvenue chez les Ch'tis) (2008),1
"Wes Craven's New Nightmare (Nightmare on Elm Street Part 7: Freddy's Finale, A) (1994)",2
West Side Story (1961),10
Wet Hot American Summer (2001),1
Whale Rider (2002),3
What About Bob? (1991),2
What Dreams May Come (1998),2
What Ever Happened to Baby Jane? (1962),1
What Happened Was... (1994),1
What Lies Beneath (2000),3
What Love Is (2007),1
What Men Talk About (2010),1
What Planet Are You From? (2000),1
What We Do in the Shadows (2014),2
What's Eating Gilbert Grape (1993),16
When Harry Met Sally... (1989),17
When We Were Kings (1996),3
When Worlds Collide (1951),1
When a Man Loves a Woman (1994),2
When the Cat's Away (Chacun cherche son chat) (1996),1
Where the Buffalo Roam (1980),1
Where the Money Is (2000),1
While You Were Sleeping (1995),12
Whiplash (2013),1
Whiplash (2014),8
White Christmas (1954),1
White Squall (1996),4
Who Framed Roger Rabbit? (1988),11
Who Killed Chea Vichea? (2010),1
Who's Afraid of Virginia Woolf? (1966),2
"Whole Nine Yards, The (2000)",4
"Whole Ten Yards, The (2004)",1
Why Don't You Play In Hell? (Jigoku de naze warui) (2013),1
"Widow of St. Pierre, The (Veuve de Saint-Pierre, La) (2000)",1
"Wild Bunch, The (1969)",3
"Wild Parrots of Telegraph Hill, The (2003)",1
Wild Tales (2014),3
Wild at Heart (1990),1
William Shakespeare's A Midsummer Night's Dream (1999),1
William Shakespeare's Romeo + Juliet (1996),6
Willow (1988),6
Willy Wonka & the Chocolate Factory (1971),27
Willy/Milly (1986),1
"Wind Rises, The (Kaze tachinu) (2013)",1
Windtalkers (2002),1
"Wings of Desire (Himmel über Berlin, Der) (1987)",4
"Wings of the Dove, The (1997)",3
"Wings, Legs and Tails (1986)",1
Winnie Pooh (1969),1
Winnie the Pooh Goes Visiting (1971),1
Winnie the Pooh and the Blustery Day (1968),3
Winnie the Pooh and the Day of Concern (1972),1
Winter in Prostokvashino (1984),1
"With a Friend Like Harry... (Harry, un ami qui vous veut du bien) (2000)",1
Withnail & I (1987),1
Witness (1985),5
Witness for the Prosecution (1957),2
"Wizard of Oz, The (1939)",26
Wolf (1994),2
Wolf Children (Okami kodomo no ame to yuki) (2012),1
"Wolf Man, The (1941)",1
"Wolf of Wall Street, The (2013)",14
"Wolverine, The (2013)",1
"Woman Is a Woman, A (femme est une femme, Une) (1961)",1
"Woman Under the Influence, A (1974)",1
Woman in the Dunes (Suna no onna) (1964),3
Women on the Verge of a Nervous Breakdown (Mujeres al borde de un ataque de nervios) (1988),1
Won't You Be My Neighbor? (2018),1
Wonder (2017),1
Wonder Boys (2000),2
Wonder Woman (2009),1
Working Girl (1988),1
"World Is Not Enough, The (1999)",6
"World of Apu, The (Apur Sansar) (1959)",1
World of Glory (1991),1
World of Tomorrow (2015),1
"World's End, The (2013)",2
Wow! A Talking Fish! (1983),1
Wreck-It Ralph (2012),2
"Wrestler, The (2008)",3
Wristcutters: A Love Story (2006),1
Written on the Wind (1956),1
Wyatt Earp (1994),2
"X-Files: Fight the Future, The (1998)",4
X-Men (2000),17
X-Men: Apocalypse (2016),1
X-Men: Days of Future Past (2014),5
X-Men: First Class (2011),5
X-Men: The Last Stand (2006),3
X2: X-Men United (2003),10
"Yards, The (2000)",1
"Year of Living Dangerously, The (1982)",1
Yes Man (2008),3
Yi Yi (2000),3
Yojimbo (1961),6
You Can Count on Me (2000),4
You Can't Take It with You (1938),1
You Don't Mess with the Zohan (2008),1
You Only Live Twice (1967),1
You've Got Mail (1998),2
Young Frankenstein (1974),18
Young Guns (1988),1
Young Guns II (1990),2
Your Highness (2011),2
Zack and Miri Make a Porno (2008),1
"Zed & Two Noughts, A (1985)",1
Zeitgeist: Moving Forward (2011),1
Zero Dark Thirty (2012),3
Zero Effect (1998),3
Zodiac (2007),3
Zombieland (2009),9
Zoolander (2001),6
Zootopia (2016),4
Zulu (1964),2
[REC] (2007),3
eXistenZ (1999),3
¡Three Amigos! (1986),2
